dataset,method,fraction_kept,insertion,deletion
adult,ExCIR,0.0,0.8115467294503019,0.7752072883611424
adult,ExCIR,0.125,0.8115467294503019,0.7752072883611424
adult,ExCIR,0.25,0.8115467294503019,0.7752072883611424
adult,ExCIR,0.375,0.8308936431569249,0.7606715119254785
adult,ExCIR,0.5,0.8340669464633023,0.7606715119254785
adult,ExCIR,0.625,0.8340669464633023,0.7606715119254785
adult,ExCIR,0.75,0.8355000511823114,0.7606715119254785
adult,ExCIR,0.875,0.8435868563824342,0.7606715119254785
adult,ExCIR,1.0,0.8434844917596479,0.7606715119254785
adult,TreeGain,0.0,0.8115467294503019,0.7752072883611424
adult,TreeGain,0.125,0.8115467294503019,0.7752072883611424
adult,TreeGain,0.25,0.8115467294503019,0.7752072883611424
adult,TreeGain,0.375,0.8177909714402702,0.7737741836421332
adult,TreeGain,0.5,0.8220902855972976,0.7720339850547651
adult,TreeGain,0.625,0.8220902855972976,0.7720339850547651
adult,TreeGain,0.75,0.8377520728836114,0.7606715119254785
adult,TreeGain,0.875,0.8435868563824342,0.7606715119254785
adult,TreeGain,1.0,0.8434844917596479,0.7606715119254785
adult,PDP-var,0.0,0.8115467294503019,0.7752072883611424
adult,PDP-var,0.125,0.8115467294503019,0.7752072883611424
adult,PDP-var,0.25,0.8115467294503019,0.7752072883611424
adult,PDP-var,0.375,0.8121609171870202,0.7746954652472106
adult,PDP-var,0.5,0.8220902855972976,0.7720339850547651
adult,PDP-var,0.625,0.8220902855972976,0.7720339850547651
adult,PDP-var,0.75,0.8305865492885659,0.7649708260825059
adult,PDP-var,0.875,0.8306889139113522,0.7646637322141467
adult,PDP-var,1.0,0.8434844917596479,0.7606715119254785
adult,MI(pred),0.0,0.7606715119254785,0.8359095096734569
adult,MI(pred),0.125,0.7606715119254785,0.8359095096734569
adult,MI(pred),0.25,0.7606715119254785,0.8359095096734569
adult,MI(pred),0.375,0.7606715119254785,0.8305865492885659
adult,MI(pred),0.5,0.7606715119254785,0.8306889139113522
adult,MI(pred),0.625,0.7606715119254785,0.8306889139113522
adult,MI(pred),0.75,0.8305865492885659,0.7649708260825059
adult,MI(pred),0.875,0.8435868563824342,0.7606715119254785
adult,MI(pred),1.0,0.8434844917596479,0.7606715119254785
adult,MI(label),0.0,0.8115467294503019,0.7752072883611424
adult,MI(label),0.125,0.8115467294503019,0.7752072883611424
adult,MI(label),0.25,0.8115467294503019,0.7752072883611424
adult,MI(label),0.375,0.8121609171870202,0.7746954652472106
adult,MI(label),0.5,0.8220902855972976,0.7720339850547651
adult,MI(label),0.625,0.8220902855972976,0.7720339850547651
adult,MI(label),0.75,0.8305865492885659,0.7649708260825059
adult,MI(label),0.875,0.8435868563824342,0.7606715119254785
adult,MI(label),1.0,0.8434844917596479,0.7606715119254785
adult,Surrogate-LR,0.0,0.7606715119254785,0.8308936431569249
adult,Surrogate-LR,0.125,0.7606715119254785,0.8308936431569249
adult,Surrogate-LR,0.25,0.7606715119254785,0.8308936431569249
adult,Surrogate-LR,0.375,0.7606715119254785,0.8305865492885659
adult,Surrogate-LR,0.5,0.8220902855972976,0.7720339850547651
adult,Surrogate-LR,0.625,0.8220902855972976,0.7720339850547651
adult,Surrogate-LR,0.75,0.8305865492885659,0.7649708260825059
adult,Surrogate-LR,0.875,0.8435868563824342,0.7606715119254785
adult,Surrogate-LR,1.0,0.8434844917596479,0.7606715119254785
20ng_bin,ExCIR,0.0,0.5031928480204342,0.8722860791826309
20ng_bin,ExCIR,0.125,0.5031928480204342,0.8607918263090677
20ng_bin,ExCIR,0.25,0.5031928480204342,0.8607918263090677
20ng_bin,ExCIR,0.375,0.5031928480204342,0.7662835249042146
20ng_bin,ExCIR,0.5,0.5044699872286079,0.7318007662835249
20ng_bin,ExCIR,0.625,0.508301404853129,0.7318007662835249
20ng_bin,ExCIR,0.75,0.6679438058748404,0.7854406130268199
20ng_bin,ExCIR,0.875,0.8314176245210728,0.7662835249042146
20ng_bin,ExCIR,1.0,0.8735632183908046,0.5031928480204342
20ng_bin,TreeGain,0.0,0.5031928480204342,0.8582375478927203
20ng_bin,TreeGain,0.125,0.8735632183908046,0.5031928480204342
20ng_bin,TreeGain,0.25,0.8735632183908046,0.5031928480204342
20ng_bin,TreeGain,0.375,0.8735632183908046,0.5031928480204342
20ng_bin,TreeGain,0.5,0.8735632183908046,0.5031928480204342
20ng_bin,TreeGain,0.625,0.8735632183908046,0.5031928480204342
20ng_bin,TreeGain,0.75,0.8735632183908046,0.5031928480204342
20ng_bin,TreeGain,0.875,0.8735632183908046,0.5031928480204342
20ng_bin,TreeGain,1.0,0.8735632183908046,0.5031928480204342
20ng_bin,PDP-var,0.0,0.5031928480204342,0.8582375478927203
20ng_bin,PDP-var,0.125,0.876117496807152,0.5070242656449553
20ng_bin,PDP-var,0.25,0.876117496807152,0.5070242656449553
20ng_bin,PDP-var,0.375,0.876117496807152,0.5070242656449553
20ng_bin,PDP-var,0.5,0.876117496807152,0.5070242656449553
20ng_bin,PDP-var,0.625,0.8735632183908046,0.5095785440613027
20ng_bin,PDP-var,0.75,0.8748403575989783,0.5031928480204342
20ng_bin,PDP-var,0.875,0.8735632183908046,0.5031928480204342
20ng_bin,PDP-var,1.0,0.8735632183908046,0.5031928480204342
20ng_bin,MI(pred),0.0,0.5031928480204342,0.8735632183908046
20ng_bin,MI(pred),0.125,0.8084291187739464,0.7739463601532567
20ng_bin,MI(pred),0.25,0.8288633461047255,0.7471264367816092
20ng_bin,MI(pred),0.375,0.8518518518518519,0.6743295019157088
20ng_bin,MI(pred),0.5,0.8633461047254151,0.6028097062579821
20ng_bin,MI(pred),0.625,0.8710089399744572,0.5772669220945083
20ng_bin,MI(pred),0.75,0.8671775223499362,0.558109833971903
20ng_bin,MI(pred),0.875,0.8684546615581098,0.5440613026819924
20ng_bin,MI(pred),1.0,0.8735632183908046,0.5031928480204342
20ng_bin,MI(label),0.0,0.5031928480204342,0.8735632183908046
20ng_bin,MI(label),0.125,0.8199233716475096,0.7701149425287356
20ng_bin,MI(label),0.25,0.8352490421455939,0.7445721583652618
20ng_bin,MI(label),0.375,0.8378033205619413,0.7241379310344828
20ng_bin,MI(label),0.5,0.8518518518518519,0.6551724137931034
20ng_bin,MI(label),0.625,0.8646232439335888,0.6398467432950191
20ng_bin,MI(label),0.75,0.8633461047254151,0.6245210727969349
20ng_bin,MI(label),0.875,0.8684546615581098,0.5887611749680716
20ng_bin,MI(label),1.0,0.8735632183908046,0.5031928480204342
20ng_bin,Surrogate-LR,0.0,0.5031928480204342,0.8582375478927203
20ng_bin,Surrogate-LR,0.125,0.8671775223499362,0.5849297573435505
20ng_bin,Surrogate-LR,0.25,0.8684546615581098,0.5606641123882503
20ng_bin,Surrogate-LR,0.375,0.8735632183908046,0.5504469987228607
20ng_bin,Surrogate-LR,0.5,0.8722860791826309,0.524904214559387
20ng_bin,Surrogate-LR,0.625,0.8697318007662835,0.5095785440613027
20ng_bin,Surrogate-LR,0.75,0.8735632183908046,0.508301404853129
20ng_bin,Surrogate-LR,0.875,0.8735632183908046,0.508301404853129
20ng_bin,Surrogate-LR,1.0,0.8735632183908046,0.5031928480204342
adult,ExCIR,0.0,0.8115467294503019,0.7752072883611424
adult,ExCIR,0.125,0.8115467294503019,0.7752072883611424
adult,ExCIR,0.25,0.8115467294503019,0.7752072883611424
adult,ExCIR,0.375,0.8308936431569249,0.7606715119254785
adult,ExCIR,0.5,0.8340669464633023,0.7606715119254785
adult,ExCIR,0.625,0.8340669464633023,0.7606715119254785
adult,ExCIR,0.75,0.8355000511823114,0.7606715119254785
adult,ExCIR,0.875,0.8435868563824342,0.7606715119254785
adult,ExCIR,1.0,0.8434844917596479,0.7606715119254785
adult,TreeGain,0.0,0.8115467294503019,0.7752072883611424
adult,TreeGain,0.125,0.8115467294503019,0.7752072883611424
adult,TreeGain,0.25,0.8115467294503019,0.7752072883611424
adult,TreeGain,0.375,0.8177909714402702,0.7737741836421332
adult,TreeGain,0.5,0.8220902855972976,0.7720339850547651
adult,TreeGain,0.625,0.8220902855972976,0.7720339850547651
adult,TreeGain,0.75,0.8377520728836114,0.7606715119254785
adult,TreeGain,0.875,0.8435868563824342,0.7606715119254785
adult,TreeGain,1.0,0.8434844917596479,0.7606715119254785
adult,PDP-var,0.0,0.8115467294503019,0.7752072883611424
adult,PDP-var,0.125,0.8115467294503019,0.7752072883611424
adult,PDP-var,0.25,0.8115467294503019,0.7752072883611424
adult,PDP-var,0.375,0.8121609171870202,0.7746954652472106
adult,PDP-var,0.5,0.8220902855972976,0.7720339850547651
adult,PDP-var,0.625,0.8220902855972976,0.7720339850547651
adult,PDP-var,0.75,0.8305865492885659,0.7649708260825059
adult,PDP-var,0.875,0.8306889139113522,0.7646637322141467
adult,PDP-var,1.0,0.8434844917596479,0.7606715119254785
adult,MI(pred),0.0,0.7606715119254785,0.8359095096734569
adult,MI(pred),0.125,0.7606715119254785,0.8359095096734569
adult,MI(pred),0.25,0.7606715119254785,0.8359095096734569
adult,MI(pred),0.375,0.7606715119254785,0.8305865492885659
adult,MI(pred),0.5,0.7606715119254785,0.8306889139113522
adult,MI(pred),0.625,0.7606715119254785,0.8306889139113522
adult,MI(pred),0.75,0.8305865492885659,0.7649708260825059
adult,MI(pred),0.875,0.8435868563824342,0.7606715119254785
adult,MI(pred),1.0,0.8434844917596479,0.7606715119254785
adult,MI(label),0.0,0.8115467294503019,0.7752072883611424
adult,MI(label),0.125,0.8115467294503019,0.7752072883611424
adult,MI(label),0.25,0.8115467294503019,0.7752072883611424
adult,MI(label),0.375,0.8121609171870202,0.7746954652472106
adult,MI(label),0.5,0.8220902855972976,0.7720339850547651
adult,MI(label),0.625,0.8220902855972976,0.7720339850547651
adult,MI(label),0.75,0.8305865492885659,0.7649708260825059
adult,MI(label),0.875,0.8435868563824342,0.7606715119254785
adult,MI(label),1.0,0.8434844917596479,0.7606715119254785
adult,Surrogate-LR,0.0,0.7606715119254785,0.8308936431569249
adult,Surrogate-LR,0.125,0.7606715119254785,0.8308936431569249
adult,Surrogate-LR,0.25,0.7606715119254785,0.8308936431569249
adult,Surrogate-LR,0.375,0.7606715119254785,0.8305865492885659
adult,Surrogate-LR,0.5,0.8220902855972976,0.7720339850547651
adult,Surrogate-LR,0.625,0.8220902855972976,0.7720339850547651
adult,Surrogate-LR,0.75,0.8305865492885659,0.7649708260825059
adult,Surrogate-LR,0.875,0.8435868563824342,0.7606715119254785
adult,Surrogate-LR,1.0,0.8434844917596479,0.7606715119254785
20ng_bin,ExCIR,0.0,0.5031928480204342,0.8722860791826309
20ng_bin,ExCIR,0.125,0.5031928480204342,0.8607918263090677
20ng_bin,ExCIR,0.25,0.5031928480204342,0.8607918263090677
20ng_bin,ExCIR,0.375,0.5031928480204342,0.7662835249042146
20ng_bin,ExCIR,0.5,0.5044699872286079,0.7318007662835249
20ng_bin,ExCIR,0.625,0.508301404853129,0.7318007662835249
20ng_bin,ExCIR,0.75,0.6679438058748404,0.7854406130268199
20ng_bin,ExCIR,0.875,0.8314176245210728,0.7662835249042146
20ng_bin,ExCIR,1.0,0.8735632183908046,0.5031928480204342
20ng_bin,TreeGain,0.0,0.5031928480204342,0.8582375478927203
20ng_bin,TreeGain,0.125,0.8735632183908046,0.5031928480204342
20ng_bin,TreeGain,0.25,0.8735632183908046,0.5031928480204342
20ng_bin,TreeGain,0.375,0.8735632183908046,0.5031928480204342
20ng_bin,TreeGain,0.5,0.8735632183908046,0.5031928480204342
20ng_bin,TreeGain,0.625,0.8735632183908046,0.5031928480204342
20ng_bin,TreeGain,0.75,0.8735632183908046,0.5031928480204342
20ng_bin,TreeGain,0.875,0.8735632183908046,0.5031928480204342
20ng_bin,TreeGain,1.0,0.8735632183908046,0.5031928480204342
20ng_bin,PDP-var,0.0,0.5031928480204342,0.8582375478927203
20ng_bin,PDP-var,0.125,0.876117496807152,0.5070242656449553
20ng_bin,PDP-var,0.25,0.876117496807152,0.5070242656449553
20ng_bin,PDP-var,0.375,0.876117496807152,0.5070242656449553
20ng_bin,PDP-var,0.5,0.876117496807152,0.5070242656449553
20ng_bin,PDP-var,0.625,0.8735632183908046,0.5095785440613027
20ng_bin,PDP-var,0.75,0.8748403575989783,0.5031928480204342
20ng_bin,PDP-var,0.875,0.8735632183908046,0.5031928480204342
20ng_bin,PDP-var,1.0,0.8735632183908046,0.5031928480204342
20ng_bin,MI(pred),0.0,0.5031928480204342,0.8735632183908046
20ng_bin,MI(pred),0.125,0.8084291187739464,0.7739463601532567
20ng_bin,MI(pred),0.25,0.8288633461047255,0.7471264367816092
20ng_bin,MI(pred),0.375,0.8518518518518519,0.6743295019157088
20ng_bin,MI(pred),0.5,0.8633461047254151,0.6028097062579821
20ng_bin,MI(pred),0.625,0.8710089399744572,0.5772669220945083
20ng_bin,MI(pred),0.75,0.8671775223499362,0.558109833971903
20ng_bin,MI(pred),0.875,0.8684546615581098,0.5440613026819924
20ng_bin,MI(pred),1.0,0.8735632183908046,0.5031928480204342
20ng_bin,MI(label),0.0,0.5031928480204342,0.8735632183908046
20ng_bin,MI(label),0.125,0.8199233716475096,0.7701149425287356
20ng_bin,MI(label),0.25,0.8352490421455939,0.7445721583652618
20ng_bin,MI(label),0.375,0.8378033205619413,0.7241379310344828
20ng_bin,MI(label),0.5,0.8518518518518519,0.6551724137931034
20ng_bin,MI(label),0.625,0.8646232439335888,0.6398467432950191
20ng_bin,MI(label),0.75,0.8633461047254151,0.6245210727969349
20ng_bin,MI(label),0.875,0.8684546615581098,0.5887611749680716
20ng_bin,MI(label),1.0,0.8735632183908046,0.5031928480204342
20ng_bin,Surrogate-LR,0.0,0.5031928480204342,0.8582375478927203
20ng_bin,Surrogate-LR,0.125,0.8671775223499362,0.5849297573435505
20ng_bin,Surrogate-LR,0.25,0.8684546615581098,0.5606641123882503
20ng_bin,Surrogate-LR,0.375,0.8735632183908046,0.5504469987228607
20ng_bin,Surrogate-LR,0.5,0.8722860791826309,0.524904214559387
20ng_bin,Surrogate-LR,0.625,0.8697318007662835,0.5095785440613027
20ng_bin,Surrogate-LR,0.75,0.8735632183908046,0.508301404853129
20ng_bin,Surrogate-LR,0.875,0.8735632183908046,0.508301404853129
20ng_bin,Surrogate-LR,1.0,0.8735632183908046,0.5031928480204342
har6,ExCIR,0.0,0.1669902912621359,0.9936893203883496
har6,ExCIR,0.125,0.22815533980582525,0.9558252427184466
har6,ExCIR,0.25,0.5121359223300971,0.8325242718446602
har6,ExCIR,0.375,0.5893203883495146,0.8364077669902913
har6,ExCIR,0.5,0.5820388349514564,0.8592233009708737
har6,ExCIR,0.625,0.5864077669902913,0.766504854368932
har6,ExCIR,0.75,0.6742718446601942,0.4553398058252427
har6,ExCIR,0.875,0.720873786407767,0.4145631067961165
har6,ExCIR,1.0,0.9927184466019418,0.1669902912621359
har6,TreeGain,0.0,0.1669902912621359,0.9927184466019418
har6,TreeGain,0.125,0.8733009708737864,0.7087378640776699
har6,TreeGain,0.25,0.9572815533980582,0.37233009708737863
har6,TreeGain,0.375,0.9786407766990292,0.170873786407767
har6,TreeGain,0.5,0.9859223300970874,0.1669902912621359
har6,TreeGain,0.625,0.9912621359223301,0.1669902912621359
har6,TreeGain,0.75,0.9927184466019418,0.1669902912621359
har6,TreeGain,0.875,0.9927184466019418,0.1669902912621359
har6,TreeGain,1.0,0.9927184466019418,0.1669902912621359
har6,PDP-var,0.0,0.1669902912621359,0.9917475728155339
har6,PDP-var,0.125,0.9393203883495146,0.5567961165048544
har6,PDP-var,0.25,0.9412621359223301,0.42718446601941745
har6,PDP-var,0.375,0.9679611650485437,0.1825242718446602
har6,PDP-var,0.5,0.9791262135922331,0.1669902912621359
har6,PDP-var,0.625,0.9868932038834951,0.1669902912621359
har6,PDP-var,0.75,0.9927184466019418,0.1669902912621359
har6,PDP-var,0.875,0.9927184466019418,0.1669902912621359
har6,PDP-var,1.0,0.9927184466019418,0.1669902912621359
har6,MI(pred),0.0,0.1669902912621359,0.9927184466019418
har6,MI(pred),0.125,0.17766990291262136,0.9805825242718447
har6,MI(pred),0.25,0.3441747572815534,0.9655339805825243
har6,MI(pred),0.375,0.4597087378640777,0.8970873786407767
har6,MI(pred),0.5,0.7325242718446602,0.7893203883495146
har6,MI(pred),0.625,0.7597087378640777,0.6140776699029126
har6,MI(pred),0.75,0.9558252427184466,0.23058252427184467
har6,MI(pred),0.875,0.9868932038834951,0.16747572815533981
har6,MI(pred),1.0,0.9927184466019418,0.1669902912621359
har6,MI(label),0.0,0.1669902912621359,0.9932038834951457
har6,MI(label),0.125,0.36067961165048545,0.8446601941747572
har6,MI(label),0.25,0.6378640776699029,0.8053398058252427
har6,MI(label),0.375,0.6597087378640777,0.8330097087378641
har6,MI(label),0.5,0.7237864077669903,0.7179611650485437
har6,MI(label),0.625,0.9393203883495146,0.3
har6,MI(label),0.75,0.9577669902912621,0.19805825242718447
har6,MI(label),0.875,0.9796116504854369,0.16747572815533981
har6,MI(label),1.0,0.9927184466019418,0.1669902912621359
har6,Surrogate-LR,0.0,0.1669902912621359,0.9922330097087378
har6,Surrogate-LR,0.125,0.695631067961165,0.9572815533980582
har6,Surrogate-LR,0.25,0.7228155339805825,0.7407766990291262
har6,Surrogate-LR,0.375,0.8446601941747572,0.6412621359223301
har6,Surrogate-LR,0.5,0.8694174757281553,0.6043689320388349
har6,Surrogate-LR,0.625,0.9072815533980583,0.595631067961165
har6,Surrogate-LR,0.75,0.9655339805825243,0.4733009708737864
har6,Surrogate-LR,0.875,0.9766990291262136,0.37524271844660195
har6,Surrogate-LR,1.0,0.9927184466019418,0.1669902912621359
digits8x8,ExCIR,0.0,0.09722222222222222,0.9611111111111111
digits8x8,ExCIR,0.125,0.17222222222222222,0.9166666666666666
digits8x8,ExCIR,0.25,0.275,0.8972222222222223
digits8x8,ExCIR,0.375,0.38055555555555554,0.8305555555555556
digits8x8,ExCIR,0.5,0.6833333333333333,0.5222222222222223
digits8x8,ExCIR,0.625,0.7138888888888889,0.49166666666666664
digits8x8,ExCIR,0.75,0.8638888888888889,0.3194444444444444
digits8x8,ExCIR,0.875,0.9416666666666667,0.16666666666666666
digits8x8,ExCIR,1.0,0.9611111111111111,0.09722222222222222
digits8x8,TreeGain,0.0,0.17222222222222222,0.9583333333333334
digits8x8,TreeGain,0.125,0.4027777777777778,0.8166666666666667
digits8x8,TreeGain,0.25,0.7027777777777777,0.6305555555555555
digits8x8,TreeGain,0.375,0.8305555555555556,0.4361111111111111
digits8x8,TreeGain,0.5,0.9138888888888889,0.29444444444444445
digits8x8,TreeGain,0.625,0.9583333333333334,0.14444444444444443
digits8x8,TreeGain,0.75,0.9611111111111111,0.09722222222222222
digits8x8,TreeGain,0.875,0.9611111111111111,0.09722222222222222
digits8x8,TreeGain,1.0,0.9611111111111111,0.09722222222222222
digits8x8,PDP-var,0.0,0.19444444444444445,0.95
digits8x8,PDP-var,0.125,0.4888888888888889,0.6555555555555556
digits8x8,PDP-var,0.25,0.7194444444444444,0.6111111111111112
digits8x8,PDP-var,0.375,0.8111111111111111,0.45555555555555555
digits8x8,PDP-var,0.5,0.9111111111111111,0.26666666666666666
digits8x8,PDP-var,0.625,0.9555555555555556,0.09722222222222222
digits8x8,PDP-var,0.75,0.9611111111111111,0.09722222222222222
digits8x8,PDP-var,0.875,0.9611111111111111,0.09722222222222222
digits8x8,PDP-var,1.0,0.9611111111111111,0.09722222222222222
digits8x8,MI(pred),0.0,0.09722222222222222,0.9611111111111111
digits8x8,MI(pred),0.125,0.3638888888888889,0.8361111111111111
digits8x8,MI(pred),0.25,0.4,0.8055555555555556
digits8x8,MI(pred),0.375,0.6222222222222222,0.6888888888888889
digits8x8,MI(pred),0.5,0.6777777777777778,0.6555555555555556
digits8x8,MI(pred),0.625,0.6944444444444444,0.475
digits8x8,MI(pred),0.75,0.7583333333333333,0.3611111111111111
digits8x8,MI(pred),0.875,0.9333333333333333,0.18333333333333332
digits8x8,MI(pred),1.0,0.9611111111111111,0.09722222222222222
digits8x8,MI(label),0.0,0.09722222222222222,0.9583333333333334
digits8x8,MI(label),0.125,0.37222222222222223,0.7583333333333333
digits8x8,MI(label),0.25,0.6472222222222223,0.6083333333333333
digits8x8,MI(label),0.375,0.8361111111111111,0.44166666666666665
digits8x8,MI(label),0.5,0.9361111111111111,0.2222222222222222
digits8x8,MI(label),0.625,0.9583333333333334,0.13333333333333333
digits8x8,MI(label),0.75,0.9583333333333334,0.11944444444444445
digits8x8,MI(label),0.875,0.9611111111111111,0.09722222222222222
digits8x8,MI(label),1.0,0.9611111111111111,0.09722222222222222
digits8x8,Surrogate-LR,0.0,0.09722222222222222,0.9583333333333334
digits8x8,Surrogate-LR,0.125,0.3416666666666667,0.7527777777777778
digits8x8,Surrogate-LR,0.25,0.39166666666666666,0.6861111111111111
digits8x8,Surrogate-LR,0.375,0.5166666666666667,0.6666666666666666
digits8x8,Surrogate-LR,0.5,0.6444444444444445,0.6111111111111112
digits8x8,Surrogate-LR,0.625,0.7722222222222223,0.39444444444444443
digits8x8,Surrogate-LR,0.75,0.9222222222222223,0.3111111111111111
digits8x8,Surrogate-LR,0.875,0.9416666666666667,0.09722222222222222
digits8x8,Surrogate-LR,1.0,0.9611111111111111,0.09722222222222222
california,ExCIR,0.0,-0.004915697017900955,0.6462743852930539
california,ExCIR,0.125,-0.004915697017900955,0.6462743852930539
california,ExCIR,0.25,0.003230684856339039,0.48543010716729273
california,ExCIR,0.375,0.028926249201098875,0.4186338957838055
california,ExCIR,0.5,-0.021464204027385136,0.41501552534215314
california,ExCIR,0.625,-0.02550776946358546,0.40582032179960004
california,ExCIR,0.75,0.16703163134088284,0.38298925045949195
california,ExCIR,0.875,-0.7020465756062166,-0.6901335932566697
california,ExCIR,1.0,0.8369070693815255,-0.6223093362619307
california,TreeGain,0.0,-0.004915697017900955,0.6462743852930539
california,TreeGain,0.125,-0.004915697017900955,0.6462743852930539
california,TreeGain,0.25,0.2208770605755217,0.5254039787614714
california,TreeGain,0.375,-0.2165874834640773,-1.2805025315903689
california,TreeGain,0.5,0.7670734631595195,-0.6202935834353978
california,TreeGain,0.625,0.804870028368651,-0.6014549751135694
california,TreeGain,0.75,0.8234907620408329,-0.6569726697502014
california,TreeGain,0.875,0.8329690840972689,-0.5952076920311842
california,TreeGain,1.0,0.8369070693815255,-0.6223093362619307
california,PDP-var,0.0,-1.6456913793056898,-0.22183718222645554
california,PDP-var,0.125,-1.6456913793056898,-0.22183718222645554
california,PDP-var,0.25,0.38298925045949195,0.16703163134088284
california,PDP-var,0.375,0.7051772107755592,-0.3074195369845867
california,PDP-var,0.5,0.7670734631595195,-0.6202935834353978
california,PDP-var,0.625,0.787644925061158,-0.6494573920695386
california,PDP-var,0.75,0.8234907620408329,-0.6569726697502014
california,PDP-var,0.875,0.8329690840972689,-0.5952076920311842
california,PDP-var,1.0,0.8369070693815255,-0.6223093362619307
california,MI(pred),0.0,-0.004915697017900955,0.6462743852930539
california,MI(pred),0.125,-0.004915697017900955,0.6462743852930539
california,MI(pred),0.25,-0.25897454298597,-1.0802795906915224
california,MI(pred),0.375,0.7051772107755592,-0.3074195369845867
california,MI(pred),0.5,0.7169277030269616,-0.3570056351316906
california,MI(pred),0.625,0.787644925061158,-0.6494573920695386
california,MI(pred),0.75,0.8234907620408329,-0.6569726697502014
california,MI(pred),0.875,0.8329690840972689,-0.5952076920311842
california,MI(pred),1.0,0.8369070693815255,-0.6223093362619307
california,MI(label),0.0,-0.004915697017900955,0.6462743852930539
california,MI(label),0.125,-0.004915697017900955,0.6462743852930539
california,MI(label),0.25,-0.25897454298597,-1.0802795906915224
california,MI(label),0.375,0.7051772107755592,-0.3074195369845867
california,MI(label),0.5,0.7169277030269616,-0.3570056351316906
california,MI(label),0.625,0.787644925061158,-0.6494573920695386
california,MI(label),0.75,0.8234907620408329,-0.6569726697502014
california,MI(label),0.875,0.8271600168471733,-0.6783954682195852
california,MI(label),1.0,0.8369070693815255,-0.6223093362619307
california,Surrogate-LR,0.0,-1.6456913793056898,-0.22183718222645554
california,Surrogate-LR,0.125,-1.6456913793056898,-0.22183718222645554
california,Surrogate-LR,0.25,0.38298925045949195,0.16703163134088284
california,Surrogate-LR,0.375,0.7051772107755592,-0.3074195369845867
california,Surrogate-LR,0.5,0.6985532759524582,-0.25378650154743454
california,Surrogate-LR,0.625,0.7186081392376019,-0.32007237166019875
california,Surrogate-LR,0.75,0.740142315331558,-0.3321569180919679
california,Surrogate-LR,0.875,0.8329690840972689,-0.5952076920311842
california,Surrogate-LR,1.0,0.8369070693815255,-0.6223093362619307
diabetes,ExCIR,0.0,-0.427380775257733,0.024840443858604067
diabetes,ExCIR,0.125,-0.427380775257733,0.024840443858604067
diabetes,ExCIR,0.25,-0.004298839577134395,-0.2890875240039392
diabetes,ExCIR,0.375,-0.04406395973544108,-0.285331994762714
diabetes,ExCIR,0.5,-0.0716832429684211,-0.3459059918223628
diabetes,ExCIR,0.625,-0.0014933476361094211,-0.3671077865978911
diabetes,ExCIR,0.75,0.10753885841344524,-0.45734010754394583
diabetes,ExCIR,0.875,0.10015790266947011,-0.8634964355284274
diabetes,ExCIR,1.0,0.13671404461276837,-0.9905188605329662
diabetes,TreeGain,0.0,-0.04378506342084765,-0.0511121908645209
diabetes,TreeGain,0.125,-0.04378506342084765,-0.0511121908645209
diabetes,TreeGain,0.25,-0.004298839577134395,-0.2890875240039392
diabetes,TreeGain,0.375,-0.02035448976998855,-0.2952015324631727
diabetes,TreeGain,0.5,-0.019524041233645484,-0.25055633129147914
diabetes,TreeGain,0.625,0.05033151198116248,-0.3049673525356351
diabetes,TreeGain,0.75,0.0638166115305121,-0.39526557323561184
diabetes,TreeGain,0.875,0.12248364220419716,-0.5289233307179633
diabetes,TreeGain,1.0,0.13671404461276837,-0.9905188605329662
diabetes,PDP-var,0.0,-0.427380775257733,0.024840443858604067
diabetes,PDP-var,0.125,-0.427380775257733,0.024840443858604067
diabetes,PDP-var,0.25,-0.004298839577134395,-0.2890875240039392
diabetes,PDP-var,0.375,-0.02035448976998855,-0.2952015324631727
diabetes,PDP-var,0.5,0.07436495485514194,-0.5098495944364416
diabetes,PDP-var,0.625,0.103930466584503,-0.5616690882582704
diabetes,PDP-var,0.75,0.1104959925734319,-0.5257931511328982
diabetes,PDP-var,0.875,0.08878773658422989,-0.4738746666882163
diabetes,PDP-var,1.0,0.13671404461276837,-0.9905188605329662
diabetes,MI(pred),0.0,-0.427380775257733,0.024840443858604067
diabetes,MI(pred),0.125,-0.427380775257733,0.024840443858604067
diabetes,MI(pred),0.25,-0.004298839577134395,-0.2890875240039392
diabetes,MI(pred),0.375,0.0367539260154659,-0.21864704606148333
diabetes,MI(pred),0.5,0.05553062050027724,-0.23888381257627955
diabetes,MI(pred),0.625,0.07552780408616666,-0.28736541133046223
diabetes,MI(pred),0.75,0.0638166115305121,-0.39526557323561184
diabetes,MI(pred),0.875,0.0638329012989014,-0.3607043652653539
diabetes,MI(pred),1.0,0.13671404461276837,-0.9905188605329662
diabetes,MI(label),0.0,-0.04378506342084765,-0.0511121908645209
diabetes,MI(label),0.125,-0.04378506342084765,-0.0511121908645209
diabetes,MI(label),0.25,-0.004298839577134395,-0.2890875240039392
diabetes,MI(label),0.375,0.015347568974431236,-0.3249415304231442
diabetes,MI(label),0.5,0.08926677544167161,-0.31716575807604475
diabetes,MI(label),0.625,0.07552780408616666,-0.28736541133046223
diabetes,MI(label),0.75,0.0638166115305121,-0.39526557323561184
diabetes,MI(label),0.875,0.09106032503671069,-0.7309114842732363
diabetes,MI(label),1.0,0.13671404461276837,-0.9905188605329662
diabetes,Surrogate-LR,0.0,-0.427380775257733,0.024840443858604067
diabetes,Surrogate-LR,0.125,-0.427380775257733,0.024840443858604067
diabetes,Surrogate-LR,0.25,-0.12377228536361717,9.642756939332031e-05
diabetes,Surrogate-LR,0.375,0.0367539260154659,-0.21864704606148333
diabetes,Surrogate-LR,0.5,0.021125571943009902,-0.16263808376587074
diabetes,Surrogate-LR,0.625,0.01489660642878976,-0.24586908035384858
diabetes,Surrogate-LR,0.75,0.06413127253602935,-0.2826755506356349
diabetes,Surrogate-LR,0.875,0.0638329012989014,-0.3607043652653539
diabetes,Surrogate-LR,1.0,0.13671404461276837,-0.9905188605329662
iris,ExCIR,0.0,0.6,0.6666666666666666
iris,ExCIR,0.125,0.6,0.6666666666666666
iris,ExCIR,0.25,0.6,0.6666666666666666
iris,ExCIR,0.375,0.6,0.6666666666666666
iris,ExCIR,0.5,0.9333333333333333,0.3333333333333333
iris,ExCIR,0.625,0.9333333333333333,0.3333333333333333
iris,ExCIR,0.75,0.9333333333333333,0.3333333333333333
iris,ExCIR,0.875,0.9333333333333333,0.3333333333333333
iris,ExCIR,1.0,0.9333333333333333,0.3333333333333333
iris,TreeGain,0.0,0.6666666666666666,0.6
iris,TreeGain,0.125,0.6666666666666666,0.6
iris,TreeGain,0.25,0.6666666666666666,0.6
iris,TreeGain,0.375,0.6666666666666666,0.6
iris,TreeGain,0.5,0.9333333333333333,0.3333333333333333
iris,TreeGain,0.625,0.9333333333333333,0.3333333333333333
iris,TreeGain,0.75,0.9333333333333333,0.3333333333333333
iris,TreeGain,0.875,0.9333333333333333,0.3333333333333333
iris,TreeGain,1.0,0.9333333333333333,0.3333333333333333
iris,PDP-var,0.0,0.6666666666666666,0.6
iris,PDP-var,0.125,0.6666666666666666,0.6
iris,PDP-var,0.25,0.6666666666666666,0.6
iris,PDP-var,0.375,0.6666666666666666,0.6
iris,PDP-var,0.5,0.9333333333333333,0.3333333333333333
iris,PDP-var,0.625,0.9333333333333333,0.3333333333333333
iris,PDP-var,0.75,0.9333333333333333,0.3333333333333333
iris,PDP-var,0.875,0.9333333333333333,0.3333333333333333
iris,PDP-var,1.0,0.9333333333333333,0.3333333333333333
iris,MI(pred),0.0,0.6,0.6666666666666666
iris,MI(pred),0.125,0.6,0.6666666666666666
iris,MI(pred),0.25,0.6,0.6666666666666666
iris,MI(pred),0.375,0.6,0.6666666666666666
iris,MI(pred),0.5,0.9333333333333333,0.3333333333333333
iris,MI(pred),0.625,0.9333333333333333,0.3333333333333333
iris,MI(pred),0.75,0.9333333333333333,0.3333333333333333
iris,MI(pred),0.875,0.9333333333333333,0.3333333333333333
iris,MI(pred),1.0,0.9333333333333333,0.3333333333333333
iris,MI(label),0.0,0.6,0.6666666666666666
iris,MI(label),0.125,0.6,0.6666666666666666
iris,MI(label),0.25,0.6,0.6666666666666666
iris,MI(label),0.375,0.6,0.6666666666666666
iris,MI(label),0.5,0.9333333333333333,0.3333333333333333
iris,MI(label),0.625,0.9333333333333333,0.3333333333333333
iris,MI(label),0.75,0.9333333333333333,0.3333333333333333
iris,MI(label),0.875,0.9333333333333333,0.3333333333333333
iris,MI(label),1.0,0.9333333333333333,0.3333333333333333
iris,Surrogate-LR,0.0,0.3333333333333333,0.9333333333333333
iris,Surrogate-LR,0.125,0.3333333333333333,0.9333333333333333
iris,Surrogate-LR,0.25,0.3333333333333333,0.9333333333333333
iris,Surrogate-LR,0.375,0.3333333333333333,0.9333333333333333
iris,Surrogate-LR,0.5,0.5,0.6666666666666666
iris,Surrogate-LR,0.625,0.5,0.6666666666666666
iris,Surrogate-LR,0.75,0.9333333333333333,0.3333333333333333
iris,Surrogate-LR,0.875,0.9333333333333333,0.3333333333333333
iris,Surrogate-LR,1.0,0.9333333333333333,0.3333333333333333
wine,ExCIR,0.0,0.3333333333333333,0.9722222222222222
wine,ExCIR,0.125,0.3333333333333333,0.9722222222222222
wine,ExCIR,0.25,0.3333333333333333,0.9722222222222222
wine,ExCIR,0.375,0.3333333333333333,0.9722222222222222
wine,ExCIR,0.5,0.5833333333333334,0.7222222222222222
wine,ExCIR,0.625,0.6666666666666666,0.7222222222222222
wine,ExCIR,0.75,0.6944444444444444,0.7222222222222222
wine,ExCIR,0.875,0.8888888888888888,0.6666666666666666
wine,ExCIR,1.0,0.9722222222222222,0.3333333333333333
wine,TreeGain,0.0,0.5833333333333334,0.7777777777777778
wine,TreeGain,0.125,0.5833333333333334,0.7777777777777778
wine,TreeGain,0.25,0.9444444444444444,0.7222222222222222
wine,TreeGain,0.375,0.9722222222222222,0.7222222222222222
wine,TreeGain,0.5,0.9722222222222222,0.6944444444444444
wine,TreeGain,0.625,0.9722222222222222,0.3333333333333333
wine,TreeGain,0.75,0.9722222222222222,0.3333333333333333
wine,TreeGain,0.875,0.9722222222222222,0.3333333333333333
wine,TreeGain,1.0,0.9722222222222222,0.3333333333333333
wine,PDP-var,0.0,0.5833333333333334,0.7777777777777778
wine,PDP-var,0.125,0.5833333333333334,0.7777777777777778
wine,PDP-var,0.25,0.9444444444444444,0.7222222222222222
wine,PDP-var,0.375,0.9722222222222222,0.5555555555555556
wine,PDP-var,0.5,0.9722222222222222,0.4444444444444444
wine,PDP-var,0.625,0.9722222222222222,0.3333333333333333
wine,PDP-var,0.75,0.9722222222222222,0.3333333333333333
wine,PDP-var,0.875,0.9722222222222222,0.3333333333333333
wine,PDP-var,1.0,0.9722222222222222,0.3333333333333333
wine,MI(pred),0.0,0.6111111111111112,0.8888888888888888
wine,MI(pred),0.125,0.6111111111111112,0.8888888888888888
wine,MI(pred),0.25,0.7222222222222222,0.6944444444444444
wine,MI(pred),0.375,0.7222222222222222,0.6666666666666666
wine,MI(pred),0.5,0.9722222222222222,0.5
wine,MI(pred),0.625,0.9722222222222222,0.3333333333333333
wine,MI(pred),0.75,0.9722222222222222,0.3333333333333333
wine,MI(pred),0.875,0.9722222222222222,0.3333333333333333
wine,MI(pred),1.0,0.9722222222222222,0.3333333333333333
wine,MI(label),0.0,0.5833333333333334,0.7777777777777778
wine,MI(label),0.125,0.5833333333333334,0.7777777777777778
wine,MI(label),0.25,0.9444444444444444,0.7222222222222222
wine,MI(label),0.375,0.9444444444444444,0.7222222222222222
wine,MI(label),0.5,0.9722222222222222,0.7222222222222222
wine,MI(label),0.625,0.9722222222222222,0.3333333333333333
wine,MI(label),0.75,0.9722222222222222,0.3333333333333333
wine,MI(label),0.875,0.9722222222222222,0.3333333333333333
wine,MI(label),1.0,0.9722222222222222,0.3333333333333333
wine,Surrogate-LR,0.0,0.6944444444444444,0.9722222222222222
wine,Surrogate-LR,0.125,0.6944444444444444,0.9722222222222222
wine,Surrogate-LR,0.25,0.6944444444444444,0.8888888888888888
wine,Surrogate-LR,0.375,0.7222222222222222,0.6944444444444444
wine,Surrogate-LR,0.5,0.9722222222222222,0.3888888888888889
wine,Surrogate-LR,0.625,0.9722222222222222,0.3888888888888889
wine,Surrogate-LR,0.75,0.9722222222222222,0.3888888888888889
wine,Surrogate-LR,0.875,0.9722222222222222,0.4166666666666667
wine,Surrogate-LR,1.0,0.9722222222222222,0.3333333333333333
synthetic_clf,ExCIR,0.0,0.5016666666666667,0.9366666666666666
synthetic_clf,ExCIR,0.125,0.65,0.8633333333333333
synthetic_clf,ExCIR,0.25,0.675,0.8283333333333334
synthetic_clf,ExCIR,0.375,0.7033333333333334,0.8033333333333333
synthetic_clf,ExCIR,0.5,0.6983333333333334,0.7533333333333333
synthetic_clf,ExCIR,0.625,0.7216666666666667,0.7366666666666667
synthetic_clf,ExCIR,0.75,0.7533333333333333,0.7183333333333334
synthetic_clf,ExCIR,0.875,0.845,0.66
synthetic_clf,ExCIR,1.0,0.94,0.5016666666666667
synthetic_clf,TreeGain,0.0,0.6266666666666667,0.9266666666666666
synthetic_clf,TreeGain,0.125,0.725,0.68
synthetic_clf,TreeGain,0.25,0.8516666666666667,0.6616666666666666
synthetic_clf,TreeGain,0.375,0.9083333333333333,0.5266666666666666
synthetic_clf,TreeGain,0.5,0.93,0.5016666666666667
synthetic_clf,TreeGain,0.625,0.9366666666666666,0.49833333333333335
synthetic_clf,TreeGain,0.75,0.9383333333333334,0.5016666666666667
synthetic_clf,TreeGain,0.875,0.94,0.5016666666666667
synthetic_clf,TreeGain,1.0,0.94,0.5016666666666667
synthetic_clf,PDP-var,0.0,0.6166666666666667,0.8733333333333333
synthetic_clf,PDP-var,0.125,0.7666666666666667,0.6766666666666666
synthetic_clf,PDP-var,0.25,0.8583333333333333,0.5483333333333333
synthetic_clf,PDP-var,0.375,0.925,0.5066666666666667
synthetic_clf,PDP-var,0.5,0.9283333333333333,0.5033333333333333
synthetic_clf,PDP-var,0.625,0.9366666666666666,0.5066666666666667
synthetic_clf,PDP-var,0.75,0.9383333333333334,0.5016666666666667
synthetic_clf,PDP-var,0.875,0.94,0.5016666666666667
synthetic_clf,PDP-var,1.0,0.94,0.5016666666666667
synthetic_clf,MI(pred),0.0,0.6266666666666667,0.9266666666666666
synthetic_clf,MI(pred),0.125,0.705,0.88
synthetic_clf,MI(pred),0.25,0.6983333333333334,0.7566666666666667
synthetic_clf,MI(pred),0.375,0.7283333333333334,0.73
synthetic_clf,MI(pred),0.5,0.8516666666666667,0.67
synthetic_clf,MI(pred),0.625,0.8583333333333333,0.5983333333333334
synthetic_clf,MI(pred),0.75,0.875,0.58
synthetic_clf,MI(pred),0.875,0.875,0.59
synthetic_clf,MI(pred),1.0,0.94,0.5016666666666667
synthetic_clf,MI(label),0.0,0.6266666666666667,0.9266666666666666
synthetic_clf,MI(label),0.125,0.705,0.88
synthetic_clf,MI(label),0.25,0.6983333333333334,0.7566666666666667
synthetic_clf,MI(label),0.375,0.7133333333333334,0.7433333333333333
synthetic_clf,MI(label),0.5,0.8233333333333334,0.635
synthetic_clf,MI(label),0.625,0.8583333333333333,0.5983333333333334
synthetic_clf,MI(label),0.75,0.85,0.5916666666666667
synthetic_clf,MI(label),0.875,0.875,0.59
synthetic_clf,MI(label),1.0,0.94,0.5016666666666667
synthetic_clf,Surrogate-LR,0.0,0.5016666666666667,0.94
synthetic_clf,Surrogate-LR,0.125,0.6633333333333333,0.7483333333333333
synthetic_clf,Surrogate-LR,0.25,0.7533333333333333,0.7283333333333334
synthetic_clf,Surrogate-LR,0.375,0.8033333333333333,0.5733333333333334
synthetic_clf,Surrogate-LR,0.5,0.8683333333333333,0.5883333333333334
synthetic_clf,Surrogate-LR,0.625,0.9083333333333333,0.575
synthetic_clf,Surrogate-LR,0.75,0.9216666666666666,0.5933333333333334
synthetic_clf,Surrogate-LR,0.875,0.9333333333333333,0.5016666666666667
synthetic_clf,Surrogate-LR,1.0,0.94,0.5016666666666667
synthetic_reg,ExCIR,0.0,0.1708802440955054,0.6792139526947103
synthetic_reg,ExCIR,0.125,0.6262063380097602,0.20479003745576285
synthetic_reg,ExCIR,0.25,0.8779233250356413,0.0023444049494947272
synthetic_reg,ExCIR,0.375,0.8831506228937471,-0.013843027273553687
synthetic_reg,ExCIR,0.5,0.8801595751349764,-0.014793112616639847
synthetic_reg,ExCIR,0.625,0.879226286619017,-0.016896125810130558
synthetic_reg,ExCIR,0.75,0.8786565141836948,-0.01524816096694881
synthetic_reg,ExCIR,0.875,0.8760634975235818,-0.01564511776653621
synthetic_reg,ExCIR,1.0,0.8741807275111027,-0.01639318088134778
synthetic_reg,TreeGain,0.0,0.1708802440955054,0.6792139526947103
synthetic_reg,TreeGain,0.125,0.6924813387391503,0.16771934350256312
synthetic_reg,TreeGain,0.25,0.8845974296442873,-0.012467170028133578
synthetic_reg,TreeGain,0.375,0.8804881049319558,-0.01261431804873303
synthetic_reg,TreeGain,0.5,0.8782802658087494,-0.014107408844340696
synthetic_reg,TreeGain,0.625,0.8779078180438097,-0.01629975827341812
synthetic_reg,TreeGain,0.75,0.8761640154595756,-0.01844839426254752
synthetic_reg,TreeGain,0.875,0.8768175055424678,-0.018298835874978936
synthetic_reg,TreeGain,1.0,0.8741807275111027,-0.01639318088134778
synthetic_reg,PDP-var,0.0,0.1708802440955054,0.6792139526947103
synthetic_reg,PDP-var,0.125,0.6924813387391503,0.16771934350256312
synthetic_reg,PDP-var,0.25,0.8845974296442873,-0.012467170028133578
synthetic_reg,PDP-var,0.375,0.8806917949703102,-0.011773211346871593
synthetic_reg,PDP-var,0.5,0.880461527000025,-0.014909842735268963
synthetic_reg,PDP-var,0.625,0.8774005525442746,-0.017902784078734912
synthetic_reg,PDP-var,0.75,0.8762766206915278,-0.016721842324248337
synthetic_reg,PDP-var,0.875,0.8766871395106766,-0.014731088152793337
synthetic_reg,PDP-var,1.0,0.8741807275111027,-0.01639318088134778
synthetic_reg,MI(pred),0.0,0.1708802440955054,0.6792139526947103
synthetic_reg,MI(pred),0.125,0.5310507376055381,0.3112070074241644
synthetic_reg,MI(pred),0.25,0.6369544046204528,0.1863582412419731
synthetic_reg,MI(pred),0.375,0.8740553235316528,0.003200186400252658
synthetic_reg,MI(pred),0.5,0.8713090844933339,0.0022051218902628955
synthetic_reg,MI(pred),0.625,0.8708412462669791,6.78657463922816e-05
synthetic_reg,MI(pred),0.75,0.8752295065373616,-0.015840117552398114
synthetic_reg,MI(pred),0.875,0.8741589566619722,-0.016570878671803957
synthetic_reg,MI(pred),1.0,0.8741807275111027,-0.01639318088134778
synthetic_reg,MI(label),0.0,0.1708802440955054,0.6792139526947103
synthetic_reg,MI(label),0.125,0.5728900335429192,0.2790254909093989
synthetic_reg,MI(label),0.25,0.6808567700179753,0.16266099279046997
synthetic_reg,MI(label),0.375,0.7821424106896075,0.10861890940381613
synthetic_reg,MI(label),0.5,0.8799284794478844,-0.014903729201557248
synthetic_reg,MI(label),0.625,0.8791848907387037,-0.016680331206388788
synthetic_reg,MI(label),0.75,0.8775171131469669,-0.016550982846978757
synthetic_reg,MI(label),0.875,0.8774868859756022,-0.015722741303879406
synthetic_reg,MI(label),1.0,0.8741807275111027,-0.01639318088134778
synthetic_reg,Surrogate-LR,0.0,0.1708802440955054,0.6792139526947103
synthetic_reg,Surrogate-LR,0.125,0.6924813387391503,0.16771934350256312
synthetic_reg,Surrogate-LR,0.25,0.8845974296442873,-0.012467170028133578
synthetic_reg,Surrogate-LR,0.375,0.8821971655373728,-0.01218066366648718
synthetic_reg,Surrogate-LR,0.5,0.8822213102539188,-0.011562756763054294
synthetic_reg,Surrogate-LR,0.625,0.8797082054230985,-0.01299515684259922
synthetic_reg,Surrogate-LR,0.75,0.8796150665820236,-0.015499031071477987
synthetic_reg,Surrogate-LR,0.875,0.8753795423090519,-0.015488018115289881
synthetic_reg,Surrogate-LR,1.0,0.8741807275111027,-0.01639318088134778
ecg_heartbeat,ExCIR,0.0,0.74,0.692
ecg_heartbeat,ExCIR,0.125,0.74,0.692
ecg_heartbeat,ExCIR,0.25,0.714,0.47
ecg_heartbeat,ExCIR,0.375,0.75,0.496
ecg_heartbeat,ExCIR,0.5,0.758,0.494
ecg_heartbeat,ExCIR,0.625,0.738,0.496
ecg_heartbeat,ExCIR,0.75,0.762,0.482
ecg_heartbeat,ExCIR,0.875,0.762,0.482
ecg_heartbeat,ExCIR,1.0,0.766,0.482
ecg_heartbeat,TreeGain,0.0,0.74,0.692
ecg_heartbeat,TreeGain,0.125,0.74,0.692
ecg_heartbeat,TreeGain,0.25,0.714,0.47
ecg_heartbeat,TreeGain,0.375,0.756,0.474
ecg_heartbeat,TreeGain,0.5,0.758,0.502
ecg_heartbeat,TreeGain,0.625,0.744,0.492
ecg_heartbeat,TreeGain,0.75,0.75,0.484
ecg_heartbeat,TreeGain,0.875,0.766,0.482
ecg_heartbeat,TreeGain,1.0,0.766,0.482
ecg_heartbeat,PDP-var,0.0,0.74,0.692
ecg_heartbeat,PDP-var,0.125,0.74,0.692
ecg_heartbeat,PDP-var,0.25,0.714,0.47
ecg_heartbeat,PDP-var,0.375,0.746,0.49
ecg_heartbeat,PDP-var,0.5,0.762,0.466
ecg_heartbeat,PDP-var,0.625,0.758,0.478
ecg_heartbeat,PDP-var,0.75,0.756,0.476
ecg_heartbeat,PDP-var,0.875,0.744,0.48
ecg_heartbeat,PDP-var,1.0,0.766,0.482
ecg_heartbeat,MI(pred),0.0,0.74,0.692
ecg_heartbeat,MI(pred),0.125,0.74,0.692
ecg_heartbeat,MI(pred),0.25,0.714,0.47
ecg_heartbeat,MI(pred),0.375,0.746,0.49
ecg_heartbeat,MI(pred),0.5,0.762,0.466
ecg_heartbeat,MI(pred),0.625,0.758,0.478
ecg_heartbeat,MI(pred),0.75,0.756,0.476
ecg_heartbeat,MI(pred),0.875,0.766,0.482
ecg_heartbeat,MI(pred),1.0,0.766,0.482
ecg_heartbeat,MI(label),0.0,0.74,0.692
ecg_heartbeat,MI(label),0.125,0.74,0.692
ecg_heartbeat,MI(label),0.25,0.714,0.47
ecg_heartbeat,MI(label),0.375,0.746,0.49
ecg_heartbeat,MI(label),0.5,0.758,0.502
ecg_heartbeat,MI(label),0.625,0.742,0.492
ecg_heartbeat,MI(label),0.75,0.756,0.496
ecg_heartbeat,MI(label),0.875,0.766,0.482
ecg_heartbeat,MI(label),1.0,0.766,0.482
ecg_heartbeat,Surrogate-LR,0.0,0.74,0.692
ecg_heartbeat,Surrogate-LR,0.125,0.74,0.692
ecg_heartbeat,Surrogate-LR,0.25,0.714,0.47
ecg_heartbeat,Surrogate-LR,0.375,0.72,0.446
ecg_heartbeat,Surrogate-LR,0.5,0.716,0.486
ecg_heartbeat,Surrogate-LR,0.625,0.73,0.472
ecg_heartbeat,Surrogate-LR,0.75,0.75,0.49
ecg_heartbeat,Surrogate-LR,0.875,0.746,0.502
ecg_heartbeat,Surrogate-LR,1.0,0.766,0.482
fashion_mnist_features,ExCIR,0.0,0.138,0.261
fashion_mnist_features,ExCIR,0.125,0.158,0.151
fashion_mnist_features,ExCIR,0.25,0.184,0.141
fashion_mnist_features,ExCIR,0.375,0.197,0.143
fashion_mnist_features,ExCIR,0.5,0.199,0.156
fashion_mnist_features,ExCIR,0.625,0.197,0.15
fashion_mnist_features,ExCIR,0.75,0.185,0.153
fashion_mnist_features,ExCIR,0.875,0.209,0.147
fashion_mnist_features,ExCIR,1.0,0.267,0.102
fashion_mnist_features,TreeGain,0.0,0.122,0.244
fashion_mnist_features,TreeGain,0.125,0.186,0.135
fashion_mnist_features,TreeGain,0.25,0.243,0.099
fashion_mnist_features,TreeGain,0.375,0.262,0.106
fashion_mnist_features,TreeGain,0.5,0.269,0.119
fashion_mnist_features,TreeGain,0.625,0.267,0.12
fashion_mnist_features,TreeGain,0.75,0.27,0.103
fashion_mnist_features,TreeGain,0.875,0.269,0.104
fashion_mnist_features,TreeGain,1.0,0.267,0.102
fashion_mnist_features,PDP-var,0.0,0.116,0.262
fashion_mnist_features,PDP-var,0.125,0.194,0.155
fashion_mnist_features,PDP-var,0.25,0.235,0.125
fashion_mnist_features,PDP-var,0.375,0.247,0.116
fashion_mnist_features,PDP-var,0.5,0.261,0.11
fashion_mnist_features,PDP-var,0.625,0.27,0.116
fashion_mnist_features,PDP-var,0.75,0.279,0.107
fashion_mnist_features,PDP-var,0.875,0.271,0.111
fashion_mnist_features,PDP-var,1.0,0.267,0.102
fashion_mnist_features,MI(pred),0.0,0.122,0.244
fashion_mnist_features,MI(pred),0.125,0.206,0.136
fashion_mnist_features,MI(pred),0.25,0.234,0.107
fashion_mnist_features,MI(pred),0.375,0.274,0.096
fashion_mnist_features,MI(pred),0.5,0.279,0.102
fashion_mnist_features,MI(pred),0.625,0.264,0.099
fashion_mnist_features,MI(pred),0.75,0.266,0.087
fashion_mnist_features,MI(pred),0.875,0.272,0.084
fashion_mnist_features,MI(pred),1.0,0.267,0.102
fashion_mnist_features,MI(label),0.0,0.122,0.244
fashion_mnist_features,MI(label),0.125,0.186,0.128
fashion_mnist_features,MI(label),0.25,0.258,0.107
fashion_mnist_features,MI(label),0.375,0.253,0.104
fashion_mnist_features,MI(label),0.5,0.275,0.09
fashion_mnist_features,MI(label),0.625,0.274,0.098
fashion_mnist_features,MI(label),0.75,0.266,0.09
fashion_mnist_features,MI(label),0.875,0.272,0.096
fashion_mnist_features,MI(label),1.0,0.267,0.102
fashion_mnist_features,Surrogate-LR,0.0,0.096,0.271
fashion_mnist_features,Surrogate-LR,0.125,0.081,0.265
fashion_mnist_features,Surrogate-LR,0.25,0.117,0.228
fashion_mnist_features,Surrogate-LR,0.375,0.129,0.191
fashion_mnist_features,Surrogate-LR,0.5,0.17,0.167
fashion_mnist_features,Surrogate-LR,0.625,0.219,0.145
fashion_mnist_features,Surrogate-LR,0.75,0.261,0.117
fashion_mnist_features,Surrogate-LR,0.875,0.27,0.099
fashion_mnist_features,Surrogate-LR,1.0,0.267,0.102
stock_technical,ExCIR,0.0,0.49125,0.50125
stock_technical,ExCIR,0.125,0.49125,0.50125
stock_technical,ExCIR,0.25,0.49125,0.50125
stock_technical,ExCIR,0.375,0.49125,0.50125
stock_technical,ExCIR,0.5,0.5575,0.46625
stock_technical,ExCIR,0.625,0.5175,0.48125
stock_technical,ExCIR,0.75,0.5175,0.48125
stock_technical,ExCIR,0.875,0.505,0.49125
stock_technical,ExCIR,1.0,0.50125,0.49125
stock_technical,TreeGain,0.0,0.5575,0.46625
stock_technical,TreeGain,0.125,0.5575,0.46625
stock_technical,TreeGain,0.25,0.5575,0.46625
stock_technical,TreeGain,0.375,0.5575,0.46625
stock_technical,TreeGain,0.5,0.5175,0.48125
stock_technical,TreeGain,0.625,0.505,0.49125
stock_technical,TreeGain,0.75,0.505,0.49125
stock_technical,TreeGain,0.875,0.50125,0.49125
stock_technical,TreeGain,1.0,0.50125,0.49125
stock_technical,PDP-var,0.0,0.5575,0.46625
stock_technical,PDP-var,0.125,0.5575,0.46625
stock_technical,PDP-var,0.25,0.5575,0.46625
stock_technical,PDP-var,0.375,0.5575,0.46625
stock_technical,PDP-var,0.5,0.49125,0.49375
stock_technical,PDP-var,0.625,0.50875,0.525
stock_technical,PDP-var,0.75,0.50875,0.525
stock_technical,PDP-var,0.875,0.50125,0.49125
stock_technical,PDP-var,1.0,0.50125,0.49125
stock_technical,MI(pred),0.0,0.525,0.50875
stock_technical,MI(pred),0.125,0.525,0.50875
stock_technical,MI(pred),0.25,0.525,0.50875
stock_technical,MI(pred),0.375,0.525,0.50875
stock_technical,MI(pred),0.5,0.49375,0.49125
stock_technical,MI(pred),0.625,0.5225,0.49875
stock_technical,MI(pred),0.75,0.5225,0.49875
stock_technical,MI(pred),0.875,0.5225,0.49875
stock_technical,MI(pred),1.0,0.50125,0.49125
stock_technical,MI(label),0.0,0.49125,0.505
stock_technical,MI(label),0.125,0.49125,0.505
stock_technical,MI(label),0.25,0.49125,0.505
stock_technical,MI(label),0.375,0.49125,0.505
stock_technical,MI(label),0.5,0.52,0.47
stock_technical,MI(label),0.625,0.52,0.47
stock_technical,MI(label),0.75,0.52,0.47
stock_technical,MI(label),0.875,0.5225,0.49875
stock_technical,MI(label),1.0,0.50125,0.49125
stock_technical,Surrogate-LR,0.0,0.49125,0.50125
stock_technical,Surrogate-LR,0.125,0.49125,0.50125
stock_technical,Surrogate-LR,0.25,0.49125,0.50125
stock_technical,Surrogate-LR,0.375,0.49125,0.50125
stock_technical,Surrogate-LR,0.5,0.5575,0.46625
stock_technical,Surrogate-LR,0.625,0.52,0.47
stock_technical,Surrogate-LR,0.75,0.52,0.47
stock_technical,Surrogate-LR,0.875,0.50875,0.525
stock_technical,Surrogate-LR,1.0,0.50125,0.49125
sensor_fusion,ExCIR,0.0,0.725,0.9083333333333333
sensor_fusion,ExCIR,0.125,0.8583333333333333,0.805
sensor_fusion,ExCIR,0.25,0.9366666666666666,0.445
sensor_fusion,ExCIR,0.375,0.935,0.47333333333333333
sensor_fusion,ExCIR,0.5,0.935,0.46
sensor_fusion,ExCIR,0.625,0.935,0.47
sensor_fusion,ExCIR,0.75,0.9283333333333333,0.51
sensor_fusion,ExCIR,0.875,0.9366666666666666,0.5216666666666666
sensor_fusion,ExCIR,1.0,0.9383333333333334,0.49166666666666664
sensor_fusion,TreeGain,0.0,0.7333333333333333,0.92
sensor_fusion,TreeGain,0.125,0.9233333333333333,0.8066666666666666
sensor_fusion,TreeGain,0.25,0.9366666666666666,0.445
sensor_fusion,TreeGain,0.375,0.9383333333333334,0.455
sensor_fusion,TreeGain,0.5,0.9416666666666667,0.4683333333333333
sensor_fusion,TreeGain,0.625,0.9416666666666667,0.45166666666666666
sensor_fusion,TreeGain,0.75,0.935,0.47833333333333333
sensor_fusion,TreeGain,0.875,0.9333333333333333,0.48333333333333334
sensor_fusion,TreeGain,1.0,0.9383333333333334,0.49166666666666664
sensor_fusion,PDP-var,0.0,0.7333333333333333,0.92
sensor_fusion,PDP-var,0.125,0.9233333333333333,0.8066666666666666
sensor_fusion,PDP-var,0.25,0.9366666666666666,0.445
sensor_fusion,PDP-var,0.375,0.9366666666666666,0.4533333333333333
sensor_fusion,PDP-var,0.5,0.93,0.48
sensor_fusion,PDP-var,0.625,0.9416666666666667,0.4816666666666667
sensor_fusion,PDP-var,0.75,0.94,0.49
sensor_fusion,PDP-var,0.875,0.935,0.48833333333333334
sensor_fusion,PDP-var,1.0,0.9383333333333334,0.49166666666666664
sensor_fusion,MI(pred),0.0,0.7333333333333333,0.92
sensor_fusion,MI(pred),0.125,0.9233333333333333,0.8066666666666666
sensor_fusion,MI(pred),0.25,0.9366666666666666,0.445
sensor_fusion,MI(pred),0.375,0.9383333333333334,0.44333333333333336
sensor_fusion,MI(pred),0.5,0.9333333333333333,0.4716666666666667
sensor_fusion,MI(pred),0.625,0.9366666666666666,0.47333333333333333
sensor_fusion,MI(pred),0.75,0.935,0.4533333333333333
sensor_fusion,MI(pred),0.875,0.9383333333333334,0.4583333333333333
sensor_fusion,MI(pred),1.0,0.9383333333333334,0.49166666666666664
sensor_fusion,MI(label),0.0,0.7333333333333333,0.92
sensor_fusion,MI(label),0.125,0.9233333333333333,0.8066666666666666
sensor_fusion,MI(label),0.25,0.9366666666666666,0.445
sensor_fusion,MI(label),0.375,0.9383333333333334,0.44333333333333336
sensor_fusion,MI(label),0.5,0.9416666666666667,0.42833333333333334
sensor_fusion,MI(label),0.625,0.935,0.465
sensor_fusion,MI(label),0.75,0.9383333333333334,0.475
sensor_fusion,MI(label),0.875,0.9433333333333334,0.4766666666666667
sensor_fusion,MI(label),1.0,0.9383333333333334,0.49166666666666664
sensor_fusion,Surrogate-LR,0.0,0.72,0.8833333333333333
sensor_fusion,Surrogate-LR,0.125,0.9233333333333333,0.8066666666666666
sensor_fusion,Surrogate-LR,0.25,0.9366666666666666,0.6833333333333333
sensor_fusion,Surrogate-LR,0.375,0.935,0.6833333333333333
sensor_fusion,Surrogate-LR,0.5,0.9366666666666666,0.4716666666666667
sensor_fusion,Surrogate-LR,0.625,0.94,0.4716666666666667
sensor_fusion,Surrogate-LR,0.75,0.935,0.48
sensor_fusion,Surrogate-LR,0.875,0.9333333333333333,0.49166666666666664
sensor_fusion,Surrogate-LR,1.0,0.9383333333333334,0.49166666666666664
gene_expression,ExCIR,0.0,0.4875,0.475
gene_expression,ExCIR,0.125,0.5125,0.48125
gene_expression,ExCIR,0.25,0.53125,0.45
gene_expression,ExCIR,0.375,0.4875,0.4875
gene_expression,ExCIR,0.5,0.50625,0.48125
gene_expression,ExCIR,0.625,0.475,0.4625
gene_expression,ExCIR,0.75,0.49375,0.45625
gene_expression,ExCIR,0.875,0.5125,0.4875
gene_expression,ExCIR,1.0,0.48125,0.4875
gene_expression,TreeGain,0.0,0.4875,0.49375
gene_expression,TreeGain,0.125,0.48125,0.475
gene_expression,TreeGain,0.25,0.4375,0.4875
gene_expression,TreeGain,0.375,0.48125,0.4875
gene_expression,TreeGain,0.5,0.48125,0.4875
gene_expression,TreeGain,0.625,0.48125,0.4875
gene_expression,TreeGain,0.75,0.48125,0.4875
gene_expression,TreeGain,0.875,0.48125,0.4875
gene_expression,TreeGain,1.0,0.48125,0.4875
gene_expression,PDP-var,0.0,0.4875,0.475
gene_expression,PDP-var,0.125,0.46875,0.475
gene_expression,PDP-var,0.25,0.49375,0.4875
gene_expression,PDP-var,0.375,0.475,0.4875
gene_expression,PDP-var,0.5,0.475,0.4875
gene_expression,PDP-var,0.625,0.48125,0.4875
gene_expression,PDP-var,0.75,0.48125,0.4875
gene_expression,PDP-var,0.875,0.48125,0.4875
gene_expression,PDP-var,1.0,0.48125,0.4875
gene_expression,MI(pred),0.0,0.4875,0.48125
gene_expression,MI(pred),0.125,0.5125,0.46875
gene_expression,MI(pred),0.25,0.5125,0.55
gene_expression,MI(pred),0.375,0.5125,0.525
gene_expression,MI(pred),0.5,0.5375,0.53125
gene_expression,MI(pred),0.625,0.51875,0.525
gene_expression,MI(pred),0.75,0.51875,0.49375
gene_expression,MI(pred),0.875,0.48125,0.4875
gene_expression,MI(pred),1.0,0.48125,0.4875
gene_expression,MI(label),0.0,0.4875,0.48125
gene_expression,MI(label),0.125,0.475,0.45625
gene_expression,MI(label),0.25,0.475,0.5375
gene_expression,MI(label),0.375,0.5375,0.54375
gene_expression,MI(label),0.5,0.51875,0.54375
gene_expression,MI(label),0.625,0.5125,0.53125
gene_expression,MI(label),0.75,0.49375,0.50625
gene_expression,MI(label),0.875,0.41875,0.49375
gene_expression,MI(label),1.0,0.48125,0.4875
gene_expression,Surrogate-LR,0.0,0.4875,0.46875
gene_expression,Surrogate-LR,0.125,0.5,0.4875
gene_expression,Surrogate-LR,0.25,0.4875,0.525
gene_expression,Surrogate-LR,0.375,0.50625,0.5125
gene_expression,Surrogate-LR,0.5,0.5125,0.525
gene_expression,Surrogate-LR,0.625,0.48125,0.5
gene_expression,Surrogate-LR,0.75,0.475,0.49375
gene_expression,Surrogate-LR,0.875,0.5125,0.4875
gene_expression,Surrogate-LR,1.0,0.48125,0.4875
network_topology,ExCIR,0.0,0.7483333333333333,0.62
network_topology,ExCIR,0.125,0.7483333333333333,0.62
network_topology,ExCIR,0.25,0.7483333333333333,0.62
network_topology,ExCIR,0.375,0.7483333333333333,0.62
network_topology,ExCIR,0.5,0.765,0.585
network_topology,ExCIR,0.625,0.795,0.59
network_topology,ExCIR,0.75,0.795,0.59
network_topology,ExCIR,0.875,0.8066666666666666,0.5783333333333334
network_topology,ExCIR,1.0,0.8133333333333334,0.5783333333333334
network_topology,TreeGain,0.0,0.7483333333333333,0.62
network_topology,TreeGain,0.125,0.7483333333333333,0.62
network_topology,TreeGain,0.25,0.7483333333333333,0.62
network_topology,TreeGain,0.375,0.7483333333333333,0.62
network_topology,TreeGain,0.5,0.765,0.585
network_topology,TreeGain,0.625,0.795,0.59
network_topology,TreeGain,0.75,0.795,0.59
network_topology,TreeGain,0.875,0.8066666666666666,0.5783333333333334
network_topology,TreeGain,1.0,0.8133333333333334,0.5783333333333334
network_topology,PDP-var,0.0,0.7483333333333333,0.62
network_topology,PDP-var,0.125,0.7483333333333333,0.62
network_topology,PDP-var,0.25,0.7483333333333333,0.62
network_topology,PDP-var,0.375,0.7483333333333333,0.62
network_topology,PDP-var,0.5,0.765,0.585
network_topology,PDP-var,0.625,0.795,0.59
network_topology,PDP-var,0.75,0.795,0.59
network_topology,PDP-var,0.875,0.8066666666666666,0.5783333333333334
network_topology,PDP-var,1.0,0.8133333333333334,0.5783333333333334
network_topology,MI(pred),0.0,0.7483333333333333,0.62
network_topology,MI(pred),0.125,0.7483333333333333,0.62
network_topology,MI(pred),0.25,0.7483333333333333,0.62
network_topology,MI(pred),0.375,0.7483333333333333,0.62
network_topology,MI(pred),0.5,0.765,0.585
network_topology,MI(pred),0.625,0.79,0.5633333333333334
network_topology,MI(pred),0.75,0.79,0.5633333333333334
network_topology,MI(pred),0.875,0.8066666666666666,0.5783333333333334
network_topology,MI(pred),1.0,0.8133333333333334,0.5783333333333334
network_topology,MI(label),0.0,0.7483333333333333,0.62
network_topology,MI(label),0.125,0.7483333333333333,0.62
network_topology,MI(label),0.25,0.7483333333333333,0.62
network_topology,MI(label),0.375,0.7483333333333333,0.62
network_topology,MI(label),0.5,0.765,0.585
network_topology,MI(label),0.625,0.7733333333333333,0.5816666666666667
network_topology,MI(label),0.75,0.7733333333333333,0.5816666666666667
network_topology,MI(label),0.875,0.805,0.5716666666666667
network_topology,MI(label),1.0,0.8133333333333334,0.5783333333333334
network_topology,Surrogate-LR,0.0,0.7483333333333333,0.62
network_topology,Surrogate-LR,0.125,0.7483333333333333,0.62
network_topology,Surrogate-LR,0.25,0.7483333333333333,0.62
network_topology,Surrogate-LR,0.375,0.7483333333333333,0.62
network_topology,Surrogate-LR,0.5,0.765,0.585
network_topology,Surrogate-LR,0.625,0.795,0.59
network_topology,Surrogate-LR,0.75,0.795,0.59
network_topology,Surrogate-LR,0.875,0.7883333333333333,0.5783333333333334
network_topology,Surrogate-LR,1.0,0.8133333333333334,0.5783333333333334
audio_mfcc,ExCIR,0.0,0.22285714285714286,0.4785714285714286
audio_mfcc,ExCIR,0.125,0.23142857142857143,0.45714285714285713
audio_mfcc,ExCIR,0.25,0.23,0.4185714285714286
audio_mfcc,ExCIR,0.375,0.26571428571428574,0.39
audio_mfcc,ExCIR,0.5,0.32285714285714284,0.3357142857142857
audio_mfcc,ExCIR,0.625,0.3385714285714286,0.32285714285714284
audio_mfcc,ExCIR,0.75,0.4085714285714286,0.27714285714285714
audio_mfcc,ExCIR,0.875,0.42,0.24142857142857144
audio_mfcc,ExCIR,1.0,0.46285714285714286,0.1957142857142857
audio_mfcc,TreeGain,0.0,0.20142857142857143,0.4585714285714286
audio_mfcc,TreeGain,0.125,0.22,0.4471428571428571
audio_mfcc,TreeGain,0.25,0.26857142857142857,0.4142857142857143
audio_mfcc,TreeGain,0.375,0.2742857142857143,0.36714285714285716
audio_mfcc,TreeGain,0.5,0.3342857142857143,0.30142857142857143
audio_mfcc,TreeGain,0.625,0.3842857142857143,0.26571428571428574
audio_mfcc,TreeGain,0.75,0.41,0.20714285714285716
audio_mfcc,TreeGain,0.875,0.4357142857142857,0.20285714285714285
audio_mfcc,TreeGain,1.0,0.46285714285714286,0.1957142857142857
audio_mfcc,PDP-var,0.0,0.20714285714285716,0.4442857142857143
audio_mfcc,PDP-var,0.125,0.19714285714285715,0.42428571428571427
audio_mfcc,PDP-var,0.25,0.2785714285714286,0.37285714285714283
audio_mfcc,PDP-var,0.375,0.3028571428571429,0.3442857142857143
audio_mfcc,PDP-var,0.5,0.34285714285714286,0.29428571428571426
audio_mfcc,PDP-var,0.625,0.3514285714285714,0.26285714285714284
audio_mfcc,PDP-var,0.75,0.4328571428571429,0.20714285714285716
audio_mfcc,PDP-var,0.875,0.44285714285714284,0.21
audio_mfcc,PDP-var,1.0,0.46285714285714286,0.1957142857142857
audio_mfcc,MI(pred),0.0,0.1957142857142857,0.44
audio_mfcc,MI(pred),0.125,0.2,0.44142857142857145
audio_mfcc,MI(pred),0.25,0.22285714285714286,0.39571428571428574
audio_mfcc,MI(pred),0.375,0.25285714285714284,0.36
audio_mfcc,MI(pred),0.5,0.33285714285714285,0.31
audio_mfcc,MI(pred),0.625,0.3514285714285714,0.3028571428571429
audio_mfcc,MI(pred),0.75,0.41,0.28
audio_mfcc,MI(pred),0.875,0.42857142857142855,0.24
audio_mfcc,MI(pred),1.0,0.46285714285714286,0.1957142857142857
audio_mfcc,MI(label),0.0,0.21,0.4442857142857143
audio_mfcc,MI(label),0.125,0.22,0.4471428571428571
audio_mfcc,MI(label),0.25,0.24714285714285714,0.4157142857142857
audio_mfcc,MI(label),0.375,0.27,0.40285714285714286
audio_mfcc,MI(label),0.5,0.32285714285714284,0.3157142857142857
audio_mfcc,MI(label),0.625,0.3871428571428571,0.24714285714285714
audio_mfcc,MI(label),0.75,0.4185714285714286,0.2257142857142857
audio_mfcc,MI(label),0.875,0.44285714285714284,0.22428571428571428
audio_mfcc,MI(label),1.0,0.46285714285714286,0.1957142857142857
audio_mfcc,Surrogate-LR,0.0,0.21,0.4442857142857143
audio_mfcc,Surrogate-LR,0.125,0.23857142857142857,0.45285714285714285
audio_mfcc,Surrogate-LR,0.25,0.2885714285714286,0.4
audio_mfcc,Surrogate-LR,0.375,0.31285714285714283,0.35428571428571426
audio_mfcc,Surrogate-LR,0.5,0.34285714285714286,0.3485714285714286
audio_mfcc,Surrogate-LR,0.625,0.36142857142857143,0.31857142857142856
audio_mfcc,Surrogate-LR,0.75,0.4085714285714286,0.23857142857142857
audio_mfcc,Surrogate-LR,0.875,0.42428571428571427,0.2042857142857143
audio_mfcc,Surrogate-LR,1.0,0.46285714285714286,0.1957142857142857
weather_station,ExCIR,0.0,-0.016632420956232075,0.9741329233101974
weather_station,ExCIR,0.125,-0.016632420956232075,0.9741329233101974
weather_station,ExCIR,0.25,-0.016632420956232075,0.9741329233101974
weather_station,ExCIR,0.375,-0.016632420956232075,0.9741329233101974
weather_station,ExCIR,0.5,-0.019160377999078104,0.9738852577889421
weather_station,ExCIR,0.625,-0.016025761775116942,0.9741659302824434
weather_station,ExCIR,0.75,-0.016025761775116942,0.9741659302824434
weather_station,ExCIR,0.875,0.007018038988799935,0.9484182137074596
weather_station,ExCIR,1.0,0.976977636590443,-0.01796920896486176
weather_station,TreeGain,0.0,0.9484182137074596,0.007018038988799935
weather_station,TreeGain,0.125,0.9484182137074596,0.007018038988799935
weather_station,TreeGain,0.25,0.9484182137074596,0.007018038988799935
weather_station,TreeGain,0.375,0.9484182137074596,0.007018038988799935
weather_station,TreeGain,0.5,0.9741659302824434,-0.016025761775116942
weather_station,TreeGain,0.625,0.9775137764783476,-0.014988979489678478
weather_station,TreeGain,0.75,0.9775137764783476,-0.014988979489678478
weather_station,TreeGain,0.875,0.9774900299380737,-0.01067490692021189
weather_station,TreeGain,1.0,0.976977636590443,-0.01796920896486176
weather_station,PDP-var,0.0,0.9484182137074596,0.007018038988799935
weather_station,PDP-var,0.125,0.9484182137074596,0.007018038988799935
weather_station,PDP-var,0.25,0.9484182137074596,0.007018038988799935
weather_station,PDP-var,0.375,0.9484182137074596,0.007018038988799935
weather_station,PDP-var,0.5,0.9741659302824434,-0.016025761775116942
weather_station,PDP-var,0.625,0.9775137764783476,-0.014988979489678478
weather_station,PDP-var,0.75,0.9775137764783476,-0.014988979489678478
weather_station,PDP-var,0.875,0.9769503071399676,-0.018379396597383302
weather_station,PDP-var,1.0,0.976977636590443,-0.01796920896486176
weather_station,MI(pred),0.0,0.9484182137074596,0.007018038988799935
weather_station,MI(pred),0.125,0.9484182137074596,0.007018038988799935
weather_station,MI(pred),0.25,0.9484182137074596,0.007018038988799935
weather_station,MI(pred),0.375,0.9484182137074596,0.007018038988799935
weather_station,MI(pred),0.5,0.9483327630175779,0.004547109820630557
weather_station,MI(pred),0.625,0.9520713348330572,0.006945754691639272
weather_station,MI(pred),0.75,0.9520713348330572,0.006945754691639272
weather_station,MI(pred),0.875,0.9769503071399676,-0.018379396597383302
weather_station,MI(pred),1.0,0.976977636590443,-0.01796920896486176
weather_station,MI(label),0.0,0.9484182137074596,0.007018038988799935
weather_station,MI(label),0.125,0.9484182137074596,0.007018038988799935
weather_station,MI(label),0.25,0.9484182137074596,0.007018038988799935
weather_station,MI(label),0.375,0.9484182137074596,0.007018038988799935
weather_station,MI(label),0.5,0.9741659302824434,-0.016025761775116942
weather_station,MI(label),0.625,0.9775137764783476,-0.014988979489678478
weather_station,MI(label),0.75,0.9775137764783476,-0.014988979489678478
weather_station,MI(label),0.875,0.9774900299380737,-0.01067490692021189
weather_station,MI(label),1.0,0.976977636590443,-0.01796920896486176
weather_station,Surrogate-LR,0.0,0.9484182137074596,0.007018038988799935
weather_station,Surrogate-LR,0.125,0.9484182137074596,0.007018038988799935
weather_station,Surrogate-LR,0.25,0.9484182137074596,0.007018038988799935
weather_station,Surrogate-LR,0.375,0.9484182137074596,0.007018038988799935
weather_station,Surrogate-LR,0.5,0.9741659302824434,-0.016025761775116942
weather_station,Surrogate-LR,0.625,0.9775137764783476,-0.014988979489678478
weather_station,Surrogate-LR,0.75,0.9775137764783476,-0.014988979489678478
weather_station,Surrogate-LR,0.875,0.9769503071399676,-0.018379396597383302
weather_station,Surrogate-LR,1.0,0.976977636590443,-0.01796920896486176
eeg_signals,ExCIR,0.0,0.7183333333333334,0.9583333333333334
eeg_signals,ExCIR,0.125,0.97,0.805
eeg_signals,ExCIR,0.25,0.9716666666666667,0.44333333333333336
eeg_signals,ExCIR,0.375,0.97,0.47
eeg_signals,ExCIR,0.5,0.975,0.4583333333333333
eeg_signals,ExCIR,0.625,0.9733333333333334,0.4583333333333333
eeg_signals,ExCIR,0.75,0.97,0.4633333333333333
eeg_signals,ExCIR,0.875,0.975,0.4716666666666667
eeg_signals,ExCIR,1.0,0.975,0.4866666666666667
eeg_signals,TreeGain,0.0,0.7466666666666667,0.935
eeg_signals,TreeGain,0.125,0.97,0.805
eeg_signals,TreeGain,0.25,0.9666666666666667,0.6716666666666666
eeg_signals,TreeGain,0.375,0.9683333333333334,0.49166666666666664
eeg_signals,TreeGain,0.5,0.9733333333333334,0.48
eeg_signals,TreeGain,0.625,0.97,0.4766666666666667
eeg_signals,TreeGain,0.75,0.97,0.4866666666666667
eeg_signals,TreeGain,0.875,0.9733333333333334,0.4866666666666667
eeg_signals,TreeGain,1.0,0.975,0.4866666666666667
eeg_signals,PDP-var,0.0,0.7183333333333334,0.9583333333333334
eeg_signals,PDP-var,0.125,0.97,0.805
eeg_signals,PDP-var,0.25,0.9683333333333334,0.5816666666666667
eeg_signals,PDP-var,0.375,0.97,0.48833333333333334
eeg_signals,PDP-var,0.5,0.9733333333333334,0.48
eeg_signals,PDP-var,0.625,0.9733333333333334,0.4866666666666667
eeg_signals,PDP-var,0.75,0.975,0.4866666666666667
eeg_signals,PDP-var,0.875,0.9716666666666667,0.4866666666666667
eeg_signals,PDP-var,1.0,0.975,0.4866666666666667
eeg_signals,MI(pred),0.0,0.7183333333333334,0.9583333333333334
eeg_signals,MI(pred),0.125,0.97,0.805
eeg_signals,MI(pred),0.25,0.9716666666666667,0.44333333333333336
eeg_signals,MI(pred),0.375,0.9733333333333334,0.47
eeg_signals,MI(pred),0.5,0.975,0.49333333333333335
eeg_signals,MI(pred),0.625,0.975,0.505
eeg_signals,MI(pred),0.75,0.9766666666666667,0.49166666666666664
eeg_signals,MI(pred),0.875,0.9733333333333334,0.49333333333333335
eeg_signals,MI(pred),1.0,0.975,0.4866666666666667
eeg_signals,MI(label),0.0,0.7183333333333334,0.9583333333333334
eeg_signals,MI(label),0.125,0.9433333333333334,0.89
eeg_signals,MI(label),0.25,0.9716666666666667,0.44333333333333336
eeg_signals,MI(label),0.375,0.975,0.47
eeg_signals,MI(label),0.5,0.975,0.4866666666666667
eeg_signals,MI(label),0.625,0.9733333333333334,0.49166666666666664
eeg_signals,MI(label),0.75,0.9766666666666667,0.485
eeg_signals,MI(label),0.875,0.9733333333333334,0.49333333333333335
eeg_signals,MI(label),1.0,0.975,0.4866666666666667
eeg_signals,Surrogate-LR,0.0,0.7183333333333334,0.9583333333333334
eeg_signals,Surrogate-LR,0.125,0.935,0.8566666666666667
eeg_signals,Surrogate-LR,0.25,0.97,0.5116666666666667
eeg_signals,Surrogate-LR,0.375,0.97,0.495
eeg_signals,Surrogate-LR,0.5,0.97,0.48
eeg_signals,Surrogate-LR,0.625,0.9666666666666667,0.4866666666666667
eeg_signals,Surrogate-LR,0.75,0.97,0.48
eeg_signals,Surrogate-LR,0.875,0.9716666666666667,0.4866666666666667
eeg_signals,Surrogate-LR,1.0,0.975,0.4866666666666667
satellite_ndvi,ExCIR,0.0,0.41157457775453266,0.5014948078828859
satellite_ndvi,ExCIR,0.125,0.41157457775453266,0.5014948078828859
satellite_ndvi,ExCIR,0.25,0.4137925413505559,0.49942795479578306
satellite_ndvi,ExCIR,0.375,0.41608183721232295,0.5002163993855654
satellite_ndvi,ExCIR,0.5,0.41689973897571275,0.500536904313702
satellite_ndvi,ExCIR,0.625,0.4181290679993117,0.5009097479787876
satellite_ndvi,ExCIR,0.75,0.4179238895637809,0.49986252436081624
satellite_ndvi,ExCIR,0.875,0.41999521020789377,0.501224790018792
satellite_ndvi,ExCIR,1.0,0.9935797052747739,-0.005960850577273247
satellite_ndvi,TreeGain,0.0,0.41157457775453266,0.5014948078828859
satellite_ndvi,TreeGain,0.125,0.41157457775453266,0.5014948078828859
satellite_ndvi,TreeGain,0.25,0.9916378761606812,-3.260303690577615e-06
satellite_ndvi,TreeGain,0.375,0.9934199513774172,-0.0013146062016098359
satellite_ndvi,TreeGain,0.5,0.9938542520218646,-0.004042607931546982
satellite_ndvi,TreeGain,0.625,0.9937349348326343,-0.004924089474522386
satellite_ndvi,TreeGain,0.75,0.9935866788933939,-0.004608993822586616
satellite_ndvi,TreeGain,0.875,0.9935091202099615,-0.005573959677814377
satellite_ndvi,TreeGain,1.0,0.9935797052747739,-0.005960850577273247
satellite_ndvi,PDP-var,0.0,0.501224790018792,0.41999521020789377
satellite_ndvi,PDP-var,0.125,0.501224790018792,0.41999521020789377
satellite_ndvi,PDP-var,0.25,0.9916378761606812,-3.260303690577615e-06
satellite_ndvi,PDP-var,0.375,0.9934199513774172,-0.0013146062016098359
satellite_ndvi,PDP-var,0.5,0.9938542520218646,-0.004042607931546982
satellite_ndvi,PDP-var,0.625,0.9938064423118765,-0.004237647041303028
satellite_ndvi,PDP-var,0.75,0.9936305163730194,-0.004715210260701985
satellite_ndvi,PDP-var,0.875,0.993706811348454,-0.005394299204034336
satellite_ndvi,PDP-var,1.0,0.9935797052747739,-0.005960850577273247
satellite_ndvi,MI(pred),0.0,0.501224790018792,0.41999521020789377
satellite_ndvi,MI(pred),0.125,0.501224790018792,0.41999521020789377
satellite_ndvi,MI(pred),0.25,0.9916378761606812,-3.260303690577615e-06
satellite_ndvi,MI(pred),0.375,0.9915558655796348,-0.0007286743036702958
satellite_ndvi,MI(pred),0.5,0.9914847912976912,-0.0017644564768679594
satellite_ndvi,MI(pred),0.625,0.9932603832175668,-0.002433146044214851
satellite_ndvi,MI(pred),0.75,0.9933539477041825,-0.003154780297945914
satellite_ndvi,MI(pred),0.875,0.993195956838338,-0.0035537409861201574
satellite_ndvi,MI(pred),1.0,0.9935797052747739,-0.005960850577273247
satellite_ndvi,MI(label),0.0,0.501224790018792,0.41999521020789377
satellite_ndvi,MI(label),0.125,0.501224790018792,0.41999521020789377
satellite_ndvi,MI(label),0.25,0.9916378761606812,-3.260303690577615e-06
satellite_ndvi,MI(label),0.375,0.991614212959371,-0.000368607249900732
satellite_ndvi,MI(label),0.5,0.9917121934446371,-0.0010588605397712225
satellite_ndvi,MI(label),0.625,0.9915274287773752,-0.0021500455285408115
satellite_ndvi,MI(label),0.75,0.9933539477041825,-0.003154780297945914
satellite_ndvi,MI(label),0.875,0.993195956838338,-0.0035537409861201574
satellite_ndvi,MI(label),1.0,0.9935797052747739,-0.005960850577273247
satellite_ndvi,Surrogate-LR,0.0,0.41157457775453266,0.5014948078828859
satellite_ndvi,Surrogate-LR,0.125,0.41157457775453266,0.5014948078828859
satellite_ndvi,Surrogate-LR,0.25,0.9916378761606812,-3.260303690577615e-06
satellite_ndvi,Surrogate-LR,0.375,0.9934199513774172,-0.0013146062016098359
satellite_ndvi,Surrogate-LR,0.5,0.9933342737323811,-0.002361216850372605
satellite_ndvi,Surrogate-LR,0.625,0.9933111303892277,-0.0026819645179942952
satellite_ndvi,Surrogate-LR,0.75,0.993375023048856,-0.0029466862895914936
satellite_ndvi,Surrogate-LR,0.875,0.993777494367339,-0.0055308510884530815
satellite_ndvi,Surrogate-LR,1.0,0.9935797052747739,-0.005960850577273247
industrial_process,ExCIR,0.0,0.4682091966630816,0.3940848472353454
industrial_process,ExCIR,0.125,0.4682091966630816,0.3940848472353454
industrial_process,ExCIR,0.25,0.4682091966630816,0.3940848472353454
industrial_process,ExCIR,0.375,0.4682091966630816,0.3940848472353454
industrial_process,ExCIR,0.5,0.6433954856197275,0.29047637248981795
industrial_process,ExCIR,0.625,0.6433954856197275,0.29047637248981795
industrial_process,ExCIR,0.75,0.7776431428544962,0.12586444381134887
industrial_process,ExCIR,0.875,0.7776431428544962,0.12586444381134887
industrial_process,ExCIR,1.0,0.9513575599483421,-0.0014080187930320953
industrial_process,TreeGain,0.0,0.4682091966630816,0.3940848472353454
industrial_process,TreeGain,0.125,0.4682091966630816,0.3940848472353454
industrial_process,TreeGain,0.25,0.4682091966630816,0.3940848472353454
industrial_process,TreeGain,0.375,0.4682091966630816,0.3940848472353454
industrial_process,TreeGain,0.5,0.6433954856197275,0.29047637248981795
industrial_process,TreeGain,0.625,0.6433954856197275,0.29047637248981795
industrial_process,TreeGain,0.75,0.8118242559513945,0.13534865845243682
industrial_process,TreeGain,0.875,0.8118242559513945,0.13534865845243682
industrial_process,TreeGain,1.0,0.9513575599483421,-0.0014080187930320953
industrial_process,PDP-var,0.0,0.4682091966630816,0.3940848472353454
industrial_process,PDP-var,0.125,0.4682091966630816,0.3940848472353454
industrial_process,PDP-var,0.25,0.4682091966630816,0.3940848472353454
industrial_process,PDP-var,0.375,0.4682091966630816,0.3940848472353454
industrial_process,PDP-var,0.5,0.6541985753140154,0.25115590517068587
industrial_process,PDP-var,0.625,0.6541985753140154,0.25115590517068587
industrial_process,PDP-var,0.75,0.8218619230485693,0.1412174135149613
industrial_process,PDP-var,0.875,0.8218619230485693,0.1412174135149613
industrial_process,PDP-var,1.0,0.9513575599483421,-0.0014080187930320953
industrial_process,MI(pred),0.0,0.4682091966630816,0.3940848472353454
industrial_process,MI(pred),0.125,0.4682091966630816,0.3940848472353454
industrial_process,MI(pred),0.25,0.4682091966630816,0.3940848472353454
industrial_process,MI(pred),0.375,0.4682091966630816,0.3940848472353454
industrial_process,MI(pred),0.5,0.6541985753140154,0.25115590517068587
industrial_process,MI(pred),0.625,0.6541985753140154,0.25115590517068587
industrial_process,MI(pred),0.75,0.8218619230485693,0.1412174135149613
industrial_process,MI(pred),0.875,0.8218619230485693,0.1412174135149613
industrial_process,MI(pred),1.0,0.9513575599483421,-0.0014080187930320953
industrial_process,MI(label),0.0,0.4682091966630816,0.3940848472353454
industrial_process,MI(label),0.125,0.4682091966630816,0.3940848472353454
industrial_process,MI(label),0.25,0.4682091966630816,0.3940848472353454
industrial_process,MI(label),0.375,0.4682091966630816,0.3940848472353454
industrial_process,MI(label),0.5,0.6541985753140154,0.25115590517068587
industrial_process,MI(label),0.625,0.6541985753140154,0.25115590517068587
industrial_process,MI(label),0.75,0.8218619230485693,0.1412174135149613
industrial_process,MI(label),0.875,0.8218619230485693,0.1412174135149613
industrial_process,MI(label),1.0,0.9513575599483421,-0.0014080187930320953
industrial_process,Surrogate-LR,0.0,0.4682091966630816,0.3940848472353454
industrial_process,Surrogate-LR,0.125,0.4682091966630816,0.3940848472353454
industrial_process,Surrogate-LR,0.25,0.4682091966630816,0.3940848472353454
industrial_process,Surrogate-LR,0.375,0.4682091966630816,0.3940848472353454
industrial_process,Surrogate-LR,0.5,0.6541985753140154,0.25115590517068587
industrial_process,Surrogate-LR,0.625,0.6541985753140154,0.25115590517068587
industrial_process,Surrogate-LR,0.75,0.8118242559513945,0.13534865845243682
industrial_process,Surrogate-LR,0.875,0.8118242559513945,0.13534865845243682
industrial_process,Surrogate-LR,1.0,0.9513575599483421,-0.0014080187930320953
social_network,ExCIR,0.0,0.967,0.96
social_network,ExCIR,0.125,0.967,0.96
social_network,ExCIR,0.25,0.967,0.96
social_network,ExCIR,0.375,0.967,0.96
social_network,ExCIR,0.5,0.967,0.956
social_network,ExCIR,0.625,0.967,0.964
social_network,ExCIR,0.75,0.967,0.964
social_network,ExCIR,0.875,0.966,0.967
social_network,ExCIR,1.0,0.96,0.967
social_network,TreeGain,0.0,0.967,0.96
social_network,TreeGain,0.125,0.967,0.96
social_network,TreeGain,0.25,0.967,0.96
social_network,TreeGain,0.375,0.967,0.96
social_network,TreeGain,0.5,0.967,0.956
social_network,TreeGain,0.625,0.962,0.963
social_network,TreeGain,0.75,0.962,0.963
social_network,TreeGain,0.875,0.965,0.967
social_network,TreeGain,1.0,0.96,0.967
social_network,PDP-var,0.0,0.967,0.96
social_network,PDP-var,0.125,0.967,0.96
social_network,PDP-var,0.25,0.967,0.96
social_network,PDP-var,0.375,0.967,0.96
social_network,PDP-var,0.5,0.967,0.963
social_network,PDP-var,0.625,0.967,0.964
social_network,PDP-var,0.75,0.967,0.964
social_network,PDP-var,0.875,0.966,0.967
social_network,PDP-var,1.0,0.96,0.967
social_network,MI(pred),0.0,0.967,0.96
social_network,MI(pred),0.125,0.967,0.96
social_network,MI(pred),0.25,0.967,0.96
social_network,MI(pred),0.375,0.967,0.96
social_network,MI(pred),0.5,0.967,0.956
social_network,MI(pred),0.625,0.967,0.964
social_network,MI(pred),0.75,0.967,0.964
social_network,MI(pred),0.875,0.965,0.967
social_network,MI(pred),1.0,0.96,0.967
social_network,MI(label),0.0,0.967,0.96
social_network,MI(label),0.125,0.967,0.96
social_network,MI(label),0.25,0.967,0.96
social_network,MI(label),0.375,0.967,0.96
social_network,MI(label),0.5,0.967,0.956
social_network,MI(label),0.625,0.967,0.967
social_network,MI(label),0.75,0.967,0.967
social_network,MI(label),0.875,0.966,0.967
social_network,MI(label),1.0,0.96,0.967
social_network,Surrogate-LR,0.0,0.967,0.96
social_network,Surrogate-LR,0.125,0.967,0.96
social_network,Surrogate-LR,0.25,0.967,0.96
social_network,Surrogate-LR,0.375,0.967,0.96
social_network,Surrogate-LR,0.5,0.967,0.956
social_network,Surrogate-LR,0.625,0.967,0.964
social_network,Surrogate-LR,0.75,0.967,0.964
social_network,Surrogate-LR,0.875,0.965,0.967
social_network,Surrogate-LR,1.0,0.96,0.967
breast_cancer,ExCIR,0.0,0.3684210526315789,0.956140350877193
breast_cancer,ExCIR,0.125,0.3684210526315789,0.9649122807017544
breast_cancer,ExCIR,0.25,0.3684210526315789,0.9649122807017544
breast_cancer,ExCIR,0.375,0.3684210526315789,0.9649122807017544
breast_cancer,ExCIR,0.5,0.5789473684210527,0.9210526315789473
breast_cancer,ExCIR,0.625,0.6666666666666666,0.9210526315789473
breast_cancer,ExCIR,0.75,0.9122807017543859,0.9035087719298246
breast_cancer,ExCIR,0.875,0.9473684210526315,0.8947368421052632
breast_cancer,ExCIR,1.0,0.956140350877193,0.3684210526315789
breast_cancer,TreeGain,0.0,0.8596491228070176,0.9385964912280702
breast_cancer,TreeGain,0.125,0.8333333333333334,0.956140350877193
breast_cancer,TreeGain,0.25,0.9210526315789473,0.8771929824561403
breast_cancer,TreeGain,0.375,0.9385964912280702,0.6052631578947368
breast_cancer,TreeGain,0.5,0.9649122807017544,0.3684210526315789
breast_cancer,TreeGain,0.625,0.9649122807017544,0.3684210526315789
breast_cancer,TreeGain,0.75,0.956140350877193,0.3684210526315789
breast_cancer,TreeGain,0.875,0.956140350877193,0.3684210526315789
breast_cancer,TreeGain,1.0,0.956140350877193,0.3684210526315789
breast_cancer,PDP-var,0.0,0.5526315789473685,0.9298245614035088
breast_cancer,PDP-var,0.125,0.6228070175438597,0.9385964912280702
breast_cancer,PDP-var,0.25,0.9473684210526315,0.37719298245614036
breast_cancer,PDP-var,0.375,0.9649122807017544,0.3684210526315789
breast_cancer,PDP-var,0.5,0.9649122807017544,0.3684210526315789
breast_cancer,PDP-var,0.625,0.9649122807017544,0.3684210526315789
breast_cancer,PDP-var,0.75,0.956140350877193,0.3684210526315789
breast_cancer,PDP-var,0.875,0.956140350877193,0.3684210526315789
breast_cancer,PDP-var,1.0,0.956140350877193,0.3684210526315789
breast_cancer,MI(pred),0.0,0.8245614035087719,0.9298245614035088
breast_cancer,MI(pred),0.125,0.8859649122807017,0.9210526315789473
breast_cancer,MI(pred),0.25,0.9122807017543859,0.9035087719298246
breast_cancer,MI(pred),0.375,0.9298245614035088,0.5789473684210527
breast_cancer,MI(pred),0.5,0.9210526315789473,0.5789473684210527
breast_cancer,MI(pred),0.625,0.9385964912280702,0.5789473684210527
breast_cancer,MI(pred),0.75,0.956140350877193,0.3684210526315789
breast_cancer,MI(pred),0.875,0.9473684210526315,0.3684210526315789
breast_cancer,MI(pred),1.0,0.956140350877193,0.3684210526315789
breast_cancer,MI(label),0.0,0.3684210526315789,0.9473684210526315
breast_cancer,MI(label),0.125,0.9035087719298246,0.9473684210526315
breast_cancer,MI(label),0.25,0.9035087719298246,0.9385964912280702
breast_cancer,MI(label),0.375,0.9298245614035088,0.5789473684210527
breast_cancer,MI(label),0.5,0.9210526315789473,0.5789473684210527
breast_cancer,MI(label),0.625,0.9298245614035088,0.5701754385964912
breast_cancer,MI(label),0.75,0.956140350877193,0.3684210526315789
breast_cancer,MI(label),0.875,0.956140350877193,0.3684210526315789
breast_cancer,MI(label),1.0,0.956140350877193,0.3684210526315789
breast_cancer,Surrogate-LR,0.0,0.5526315789473685,0.9298245614035088
breast_cancer,Surrogate-LR,0.125,0.8596491228070176,0.9122807017543859
breast_cancer,Surrogate-LR,0.25,0.8508771929824561,0.9298245614035088
breast_cancer,Surrogate-LR,0.375,0.9122807017543859,0.9122807017543859
breast_cancer,Surrogate-LR,0.5,0.9122807017543859,0.9035087719298246
breast_cancer,Surrogate-LR,0.625,0.9210526315789473,0.8771929824561403
breast_cancer,Surrogate-LR,0.75,0.9473684210526315,0.3684210526315789
breast_cancer,Surrogate-LR,0.875,0.956140350877193,0.3684210526315789
breast_cancer,Surrogate-LR,1.0,0.956140350877193,0.3684210526315789
retail_demand,ExCIR,0.0,0.39325742358891713,0.1070553214258465
retail_demand,ExCIR,0.125,0.39325742358891713,0.1070553214258465
retail_demand,ExCIR,0.25,0.39325742358891713,0.1070553214258465
retail_demand,ExCIR,0.375,0.39325742358891713,0.1070553214258465
retail_demand,ExCIR,0.5,0.4754476599048102,0.06934025870725613
retail_demand,ExCIR,0.625,0.4754476599048102,0.06934025870725613
retail_demand,ExCIR,0.75,0.529669129524428,0.0014900209799517672
retail_demand,ExCIR,0.875,0.529669129524428,0.0014900209799517672
retail_demand,ExCIR,1.0,0.8205032502036236,-0.4827267270519138
retail_demand,TreeGain,0.0,0.39325742358891713,0.1070553214258465
retail_demand,TreeGain,0.125,0.39325742358891713,0.1070553214258465
retail_demand,TreeGain,0.25,0.39325742358891713,0.1070553214258465
retail_demand,TreeGain,0.375,0.39325742358891713,0.1070553214258465
retail_demand,TreeGain,0.5,0.6701021713776116,-0.33452547837021984
retail_demand,TreeGain,0.625,0.6701021713776116,-0.33452547837021984
retail_demand,TreeGain,0.75,0.7357730573299168,-0.33599665819580116
retail_demand,TreeGain,0.875,0.7357730573299168,-0.33599665819580116
retail_demand,TreeGain,1.0,0.8205032502036236,-0.4827267270519138
retail_demand,PDP-var,0.0,0.39325742358891713,0.1070553214258465
retail_demand,PDP-var,0.125,0.39325742358891713,0.1070553214258465
retail_demand,PDP-var,0.25,0.39325742358891713,0.1070553214258465
retail_demand,PDP-var,0.375,0.39325742358891713,0.1070553214258465
retail_demand,PDP-var,0.5,0.6701021713776116,-0.33452547837021984
retail_demand,PDP-var,0.625,0.6701021713776116,-0.33452547837021984
retail_demand,PDP-var,0.75,0.757161230732659,-0.33856610406390963
retail_demand,PDP-var,0.875,0.757161230732659,-0.33856610406390963
retail_demand,PDP-var,1.0,0.8205032502036236,-0.4827267270519138
retail_demand,MI(pred),0.0,0.39325742358891713,0.1070553214258465
retail_demand,MI(pred),0.125,0.39325742358891713,0.1070553214258465
retail_demand,MI(pred),0.25,0.39325742358891713,0.1070553214258465
retail_demand,MI(pred),0.375,0.39325742358891713,0.1070553214258465
retail_demand,MI(pred),0.5,0.6701021713776116,-0.33452547837021984
retail_demand,MI(pred),0.625,0.6701021713776116,-0.33452547837021984
retail_demand,MI(pred),0.75,0.757161230732659,-0.33856610406390963
retail_demand,MI(pred),0.875,0.757161230732659,-0.33856610406390963
retail_demand,MI(pred),1.0,0.8205032502036236,-0.4827267270519138
retail_demand,MI(label),0.0,0.39325742358891713,0.1070553214258465
retail_demand,MI(label),0.125,0.39325742358891713,0.1070553214258465
retail_demand,MI(label),0.25,0.39325742358891713,0.1070553214258465
retail_demand,MI(label),0.375,0.39325742358891713,0.1070553214258465
retail_demand,MI(label),0.5,0.6701021713776116,-0.33452547837021984
retail_demand,MI(label),0.625,0.6701021713776116,-0.33452547837021984
retail_demand,MI(label),0.75,0.7357730573299168,-0.33599665819580116
retail_demand,MI(label),0.875,0.7357730573299168,-0.33599665819580116
retail_demand,MI(label),1.0,0.8205032502036236,-0.4827267270519138
retail_demand,Surrogate-LR,0.0,0.39325742358891713,0.1070553214258465
retail_demand,Surrogate-LR,0.125,0.39325742358891713,0.1070553214258465
retail_demand,Surrogate-LR,0.25,0.39325742358891713,0.1070553214258465
retail_demand,Surrogate-LR,0.375,0.39325742358891713,0.1070553214258465
retail_demand,Surrogate-LR,0.5,0.6701021713776116,-0.33452547837021984
retail_demand,Surrogate-LR,0.625,0.6701021713776116,-0.33452547837021984
retail_demand,Surrogate-LR,0.75,0.757161230732659,-0.33856610406390963
retail_demand,Surrogate-LR,0.875,0.757161230732659,-0.33856610406390963
retail_demand,Surrogate-LR,1.0,0.8205032502036236,-0.4827267270519138
traffic_flow,ExCIR,0.0,-0.0942147280525576,0.9108608814784664
traffic_flow,ExCIR,0.125,-0.0942147280525576,0.9108608814784664
traffic_flow,ExCIR,0.25,-0.0942147280525576,0.9108608814784664
traffic_flow,ExCIR,0.375,-0.0942147280525576,0.9108608814784664
traffic_flow,ExCIR,0.5,-0.0942147280525576,0.9108608814784664
traffic_flow,ExCIR,0.625,-0.0942147280525576,0.9108608814784664
traffic_flow,ExCIR,0.75,-0.039579373803040774,0.9095454680723195
traffic_flow,ExCIR,0.875,-0.039579373803040774,0.9095454680723195
traffic_flow,ExCIR,1.0,0.9644495376192674,-0.04260776016022594
traffic_flow,TreeGain,0.0,0.9095454680723195,-0.039579373803040774
traffic_flow,TreeGain,0.125,0.9095454680723195,-0.039579373803040774
traffic_flow,TreeGain,0.25,0.9095454680723195,-0.039579373803040774
traffic_flow,TreeGain,0.375,0.9095454680723195,-0.039579373803040774
traffic_flow,TreeGain,0.5,0.9095454680723195,-0.039579373803040774
traffic_flow,TreeGain,0.625,0.9095454680723195,-0.039579373803040774
traffic_flow,TreeGain,0.75,0.948097337640154,-0.009819054400777905
traffic_flow,TreeGain,0.875,0.948097337640154,-0.009819054400777905
traffic_flow,TreeGain,1.0,0.9644495376192674,-0.04260776016022594
traffic_flow,PDP-var,0.0,0.9095454680723195,-0.039579373803040774
traffic_flow,PDP-var,0.125,0.9095454680723195,-0.039579373803040774
traffic_flow,PDP-var,0.25,0.9095454680723195,-0.039579373803040774
traffic_flow,PDP-var,0.375,0.9095454680723195,-0.039579373803040774
traffic_flow,PDP-var,0.5,0.9095454680723195,-0.039579373803040774
traffic_flow,PDP-var,0.625,0.9095454680723195,-0.039579373803040774
traffic_flow,PDP-var,0.75,0.948097337640154,-0.009819054400777905
traffic_flow,PDP-var,0.875,0.948097337640154,-0.009819054400777905
traffic_flow,PDP-var,1.0,0.9644495376192674,-0.04260776016022594
traffic_flow,MI(pred),0.0,0.9095454680723195,-0.039579373803040774
traffic_flow,MI(pred),0.125,0.9095454680723195,-0.039579373803040774
traffic_flow,MI(pred),0.25,0.9095454680723195,-0.039579373803040774
traffic_flow,MI(pred),0.375,0.9095454680723195,-0.039579373803040774
traffic_flow,MI(pred),0.5,0.9095454680723195,-0.039579373803040774
traffic_flow,MI(pred),0.625,0.9095454680723195,-0.039579373803040774
traffic_flow,MI(pred),0.75,0.9108608814784664,-0.0942147280525576
traffic_flow,MI(pred),0.875,0.9108608814784664,-0.0942147280525576
traffic_flow,MI(pred),1.0,0.9644495376192674,-0.04260776016022594
traffic_flow,MI(label),0.0,0.9095454680723195,-0.039579373803040774
traffic_flow,MI(label),0.125,0.9095454680723195,-0.039579373803040774
traffic_flow,MI(label),0.25,0.9095454680723195,-0.039579373803040774
traffic_flow,MI(label),0.375,0.9095454680723195,-0.039579373803040774
traffic_flow,MI(label),0.5,0.9095454680723195,-0.039579373803040774
traffic_flow,MI(label),0.625,0.9095454680723195,-0.039579373803040774
traffic_flow,MI(label),0.75,0.948097337640154,-0.009819054400777905
traffic_flow,MI(label),0.875,0.948097337640154,-0.009819054400777905
traffic_flow,MI(label),1.0,0.9644495376192674,-0.04260776016022594
traffic_flow,Surrogate-LR,0.0,0.9095454680723195,-0.039579373803040774
traffic_flow,Surrogate-LR,0.125,0.9095454680723195,-0.039579373803040774
traffic_flow,Surrogate-LR,0.25,0.9095454680723195,-0.039579373803040774
traffic_flow,Surrogate-LR,0.375,0.9095454680723195,-0.039579373803040774
traffic_flow,Surrogate-LR,0.5,0.9095454680723195,-0.039579373803040774
traffic_flow,Surrogate-LR,0.625,0.9095454680723195,-0.039579373803040774
traffic_flow,Surrogate-LR,0.75,0.948097337640154,-0.009819054400777905
traffic_flow,Surrogate-LR,0.875,0.948097337640154,-0.009819054400777905
traffic_flow,Surrogate-LR,1.0,0.9644495376192674,-0.04260776016022594
energy_consumption,ExCIR,0.0,0.12231175288575225,0.355409226158379
energy_consumption,ExCIR,0.125,0.12231175288575225,0.355409226158379
energy_consumption,ExCIR,0.25,0.12231175288575225,0.355409226158379
energy_consumption,ExCIR,0.375,0.12231175288575225,0.355409226158379
energy_consumption,ExCIR,0.5,0.4962006906782981,0.14557947603052546
energy_consumption,ExCIR,0.625,0.4962006906782981,0.14557947603052546
energy_consumption,ExCIR,0.75,0.666104433564234,-0.08034697474986663
energy_consumption,ExCIR,0.875,0.666104433564234,-0.08034697474986663
energy_consumption,ExCIR,1.0,0.7553309771078217,-0.08381410041465864
energy_consumption,TreeGain,0.0,0.12231175288575225,0.355409226158379
energy_consumption,TreeGain,0.125,0.12231175288575225,0.355409226158379
energy_consumption,TreeGain,0.25,0.12231175288575225,0.355409226158379
energy_consumption,TreeGain,0.375,0.12231175288575225,0.355409226158379
energy_consumption,TreeGain,0.5,0.3603357204002918,0.21015956731002228
energy_consumption,TreeGain,0.625,0.3603357204002918,0.21015956731002228
energy_consumption,TreeGain,0.75,0.666104433564234,-0.08034697474986663
energy_consumption,TreeGain,0.875,0.666104433564234,-0.08034697474986663
energy_consumption,TreeGain,1.0,0.7553309771078217,-0.08381410041465864
energy_consumption,PDP-var,0.0,0.12231175288575225,0.355409226158379
energy_consumption,PDP-var,0.125,0.12231175288575225,0.355409226158379
energy_consumption,PDP-var,0.25,0.12231175288575225,0.355409226158379
energy_consumption,PDP-var,0.375,0.12231175288575225,0.355409226158379
energy_consumption,PDP-var,0.5,0.4962006906782981,0.14557947603052546
energy_consumption,PDP-var,0.625,0.4962006906782981,0.14557947603052546
energy_consumption,PDP-var,0.75,0.666104433564234,-0.08034697474986663
energy_consumption,PDP-var,0.875,0.666104433564234,-0.08034697474986663
energy_consumption,PDP-var,1.0,0.7553309771078217,-0.08381410041465864
energy_consumption,MI(pred),0.0,0.12231175288575225,0.355409226158379
energy_consumption,MI(pred),0.125,0.12231175288575225,0.355409226158379
energy_consumption,MI(pred),0.25,0.12231175288575225,0.355409226158379
energy_consumption,MI(pred),0.375,0.12231175288575225,0.355409226158379
energy_consumption,MI(pred),0.5,0.4962006906782981,0.14557947603052546
energy_consumption,MI(pred),0.625,0.4962006906782981,0.14557947603052546
energy_consumption,MI(pred),0.75,0.666104433564234,-0.08034697474986663
energy_consumption,MI(pred),0.875,0.666104433564234,-0.08034697474986663
energy_consumption,MI(pred),1.0,0.7553309771078217,-0.08381410041465864
energy_consumption,MI(label),0.0,0.12231175288575225,0.355409226158379
energy_consumption,MI(label),0.125,0.12231175288575225,0.355409226158379
energy_consumption,MI(label),0.25,0.12231175288575225,0.355409226158379
energy_consumption,MI(label),0.375,0.12231175288575225,0.355409226158379
energy_consumption,MI(label),0.5,0.4962006906782981,0.14557947603052546
energy_consumption,MI(label),0.625,0.4962006906782981,0.14557947603052546
energy_consumption,MI(label),0.75,0.666104433564234,-0.08034697474986663
energy_consumption,MI(label),0.875,0.666104433564234,-0.08034697474986663
energy_consumption,MI(label),1.0,0.7553309771078217,-0.08381410041465864
energy_consumption,Surrogate-LR,0.0,0.12231175288575225,0.355409226158379
energy_consumption,Surrogate-LR,0.125,0.12231175288575225,0.355409226158379
energy_consumption,Surrogate-LR,0.25,0.12231175288575225,0.355409226158379
energy_consumption,Surrogate-LR,0.375,0.12231175288575225,0.355409226158379
energy_consumption,Surrogate-LR,0.5,0.4962006906782981,0.14557947603052546
energy_consumption,Surrogate-LR,0.625,0.4962006906782981,0.14557947603052546
energy_consumption,Surrogate-LR,0.75,0.666104433564234,-0.08034697474986663
energy_consumption,Surrogate-LR,0.875,0.666104433564234,-0.08034697474986663
energy_consumption,Surrogate-LR,1.0,0.7553309771078217,-0.08381410041465864
